date,is_open
2022-1-4 9:45,1
2022-1-4 10:00,1
2022-1-4 10:15,1
2022-1-4 10:30,1
2022-1-4 10:45,1
2022-1-4 11:00,1
2022-1-4 11:15,1
2022-1-4 11:30,1
2022-1-4 13:15,1
2022-1-4 13:30,1
2022-1-4 13:45,1
2022-1-4 14:00,1
2022-1-4 14:15,1
2022-1-4 14:30,1
2022-1-4 14:45,1
2022-1-4 15:00,1
2022-1-5 9:45,1
2022-1-5 10:00,1
2022-1-5 10:15,1
2022-1-5 10:30,1
2022-1-5 10:45,1
2022-1-5 11:00,1
2022-1-5 11:15,1
2022-1-5 11:30,1
2022-1-5 13:15,1
2022-1-5 13:30,1
2022-1-5 13:45,1
2022-1-5 14:00,1
2022-1-5 14:15,1
2022-1-5 14:30,1
2022-1-5 14:45,1
2022-1-5 15:00,1
2022-1-6 9:45,1
2022-1-6 10:00,1
2022-1-6 10:15,1
2022-1-6 10:30,1
2022-1-6 10:45,1
2022-1-6 11:00,1
2022-1-6 11:15,1
2022-1-6 11:30,1
2022-1-6 13:15,1
2022-1-6 13:30,1
2022-1-6 13:45,1
2022-1-6 14:00,1
2022-1-6 14:15,1
2022-1-6 14:30,1
2022-1-6 14:45,1
2022-1-6 15:00,1
2022-1-7 9:45,1
2022-1-7 10:00,1
2022-1-7 10:15,1
2022-1-7 10:30,1
2022-1-7 10:45,1
2022-1-7 11:00,1
2022-1-7 11:15,1
2022-1-7 11:30,1
2022-1-7 13:15,1
2022-1-7 13:30,1
2022-1-7 13:45,1
2022-1-7 14:00,1
2022-1-7 14:15,1
2022-1-7 14:30,1
2022-1-7 14:45,1
2022-1-7 15:00,1
2022-1-10 9:45,1
2022-1-10 10:00,1
2022-1-10 10:15,1
2022-1-10 10:30,1
2022-1-10 10:45,1
2022-1-10 11:00,1
2022-1-10 11:15,1
2022-1-10 11:30,1
2022-1-10 13:15,1
2022-1-10 13:30,1
2022-1-10 13:45,1
2022-1-10 14:00,1
2022-1-10 14:15,1
2022-1-10 14:30,1
2022-1-10 14:45,1
2022-1-10 15:00,1
2022-1-11 9:45,1
2022-1-11 10:00,1
2022-1-11 10:15,1
2022-1-11 10:30,1
2022-1-11 10:45,1
2022-1-11 11:00,1
2022-1-11 11:15,1
2022-1-11 11:30,1
2022-1-11 13:15,1
2022-1-11 13:30,1
2022-1-11 13:45,1
2022-1-11 14:00,1
2022-1-11 14:15,1
2022-1-11 14:30,1
2022-1-11 14:45,1
2022-1-11 15:00,1
2022-1-12 9:45,1
2022-1-12 10:00,1
2022-1-12 10:15,1
2022-1-12 10:30,1
2022-1-12 10:45,1
2022-1-12 11:00,1
2022-1-12 11:15,1
2022-1-12 11:30,1
2022-1-12 13:15,1
2022-1-12 13:30,1
2022-1-12 13:45,1
2022-1-12 14:00,1
2022-1-12 14:15,1
2022-1-12 14:30,1
2022-1-12 14:45,1
2022-1-12 15:00,1
2022-1-13 9:45,1
2022-1-13 10:00,1
2022-1-13 10:15,1
2022-1-13 10:30,1
2022-1-13 10:45,1
2022-1-13 11:00,1
2022-1-13 11:15,1
2022-1-13 11:30,1
2022-1-13 13:15,1
2022-1-13 13:30,1
2022-1-13 13:45,1
2022-1-13 14:00,1
2022-1-13 14:15,1
2022-1-13 14:30,1
2022-1-13 14:45,1
2022-1-13 15:00,1
2022-1-14 9:45,1
2022-1-14 10:00,1
2022-1-14 10:15,1
2022-1-14 10:30,1
2022-1-14 10:45,1
2022-1-14 11:00,1
2022-1-14 11:15,1
2022-1-14 11:30,1
2022-1-14 13:15,1
2022-1-14 13:30,1
2022-1-14 13:45,1
2022-1-14 14:00,1
2022-1-14 14:15,1
2022-1-14 14:30,1
2022-1-14 14:45,1
2022-1-14 15:00,1
2022-1-17 9:45,1
2022-1-17 10:00,1
2022-1-17 10:15,1
2022-1-17 10:30,1
2022-1-17 10:45,1
2022-1-17 11:00,1
2022-1-17 11:15,1
2022-1-17 11:30,1
2022-1-17 13:15,1
2022-1-17 13:30,1
2022-1-17 13:45,1
2022-1-17 14:00,1
2022-1-17 14:15,1
2022-1-17 14:30,1
2022-1-17 14:45,1
2022-1-17 15:00,1
2022-1-18 9:45,1
2022-1-18 10:00,1
2022-1-18 10:15,1
2022-1-18 10:30,1
2022-1-18 10:45,1
2022-1-18 11:00,1
2022-1-18 11:15,1
2022-1-18 11:30,1
2022-1-18 13:15,1
2022-1-18 13:30,1
2022-1-18 13:45,1
2022-1-18 14:00,1
2022-1-18 14:15,1
2022-1-18 14:30,1
2022-1-18 14:45,1
2022-1-18 15:00,1
2022-1-19 9:45,1
2022-1-19 10:00,1
2022-1-19 10:15,1
2022-1-19 10:30,1
2022-1-19 10:45,1
2022-1-19 11:00,1
2022-1-19 11:15,1
2022-1-19 11:30,1
2022-1-19 13:15,1
2022-1-19 13:30,1
2022-1-19 13:45,1
2022-1-19 14:00,1
2022-1-19 14:15,1
2022-1-19 14:30,1
2022-1-19 14:45,1
2022-1-19 15:00,1
2022-1-20 9:45,1
2022-1-20 10:00,1
2022-1-20 10:15,1
2022-1-20 10:30,1
2022-1-20 10:45,1
2022-1-20 11:00,1
2022-1-20 11:15,1
2022-1-20 11:30,1
2022-1-20 13:15,1
2022-1-20 13:30,1
2022-1-20 13:45,1
2022-1-20 14:00,1
2022-1-20 14:15,1
2022-1-20 14:30,1
2022-1-20 14:45,1
2022-1-20 15:00,1
2022-1-21 9:45,1
2022-1-21 10:00,1
2022-1-21 10:15,1
2022-1-21 10:30,1
2022-1-21 10:45,1
2022-1-21 11:00,1
2022-1-21 11:15,1
2022-1-21 11:30,1
2022-1-21 13:15,1
2022-1-21 13:30,1
2022-1-21 13:45,1
2022-1-21 14:00,1
2022-1-21 14:15,1
2022-1-21 14:30,1
2022-1-21 14:45,1
2022-1-21 15:00,1
2022-1-24 9:45,1
2022-1-24 10:00,1
2022-1-24 10:15,1
2022-1-24 10:30,1
2022-1-24 10:45,1
2022-1-24 11:00,1
2022-1-24 11:15,1
2022-1-24 11:30,1
2022-1-24 13:15,1
2022-1-24 13:30,1
2022-1-24 13:45,1
2022-1-24 14:00,1
2022-1-24 14:15,1
2022-1-24 14:30,1
2022-1-24 14:45,1
2022-1-24 15:00,1
2022-1-25 9:45,1
2022-1-25 10:00,1
2022-1-25 10:15,1
2022-1-25 10:30,1
2022-1-25 10:45,1
2022-1-25 11:00,1
2022-1-25 11:15,1
2022-1-25 11:30,1
2022-1-25 13:15,1
2022-1-25 13:30,1
2022-1-25 13:45,1
2022-1-25 14:00,1
2022-1-25 14:15,1
2022-1-25 14:30,1
2022-1-25 14:45,1
2022-1-25 15:00,1
2022-1-26 9:45,1
2022-1-26 10:00,1
2022-1-26 10:15,1
2022-1-26 10:30,1
2022-1-26 10:45,1
2022-1-26 11:00,1
2022-1-26 11:15,1
2022-1-26 11:30,1
2022-1-26 13:15,1
2022-1-26 13:30,1
2022-1-26 13:45,1
2022-1-26 14:00,1
2022-1-26 14:15,1
2022-1-26 14:30,1
2022-1-26 14:45,1
2022-1-26 15:00,1
2022-1-27 9:45,1
2022-1-27 10:00,1
2022-1-27 10:15,1
2022-1-27 10:30,1
2022-1-27 10:45,1
2022-1-27 11:00,1
2022-1-27 11:15,1
2022-1-27 11:30,1
2022-1-27 13:15,1
2022-1-27 13:30,1
2022-1-27 13:45,1
2022-1-27 14:00,1
2022-1-27 14:15,1
2022-1-27 14:30,1
2022-1-27 14:45,1
2022-1-27 15:00,1
2022-1-28 9:45,1
2022-1-28 10:00,1
2022-1-28 10:15,1
2022-1-28 10:30,1
2022-1-28 10:45,1
2022-1-28 11:00,1
2022-1-28 11:15,1
2022-1-28 11:30,1
2022-1-28 13:15,1
2022-1-28 13:30,1
2022-1-28 13:45,1
2022-1-28 14:00,1
2022-1-28 14:15,1
2022-1-28 14:30,1
2022-1-28 14:45,1
2022-1-28 15:00,1
2022-2-7 9:45,1
2022-2-7 10:00,1
2022-2-7 10:15,1
2022-2-7 10:30,1
2022-2-7 10:45,1
2022-2-7 11:00,1
2022-2-7 11:15,1
2022-2-7 11:30,1
2022-2-7 13:15,1
2022-2-7 13:30,1
2022-2-7 13:45,1
2022-2-7 14:00,1
2022-2-7 14:15,1
2022-2-7 14:30,1
2022-2-7 14:45,1
2022-2-7 15:00,1
2022-2-8 9:45,1
2022-2-8 10:00,1
2022-2-8 10:15,1
2022-2-8 10:30,1
2022-2-8 10:45,1
2022-2-8 11:00,1
2022-2-8 11:15,1
2022-2-8 11:30,1
2022-2-8 13:15,1
2022-2-8 13:30,1
2022-2-8 13:45,1
2022-2-8 14:00,1
2022-2-8 14:15,1
2022-2-8 14:30,1
2022-2-8 14:45,1
2022-2-8 15:00,1
2022-2-9 9:45,1
2022-2-9 10:00,1
2022-2-9 10:15,1
2022-2-9 10:30,1
2022-2-9 10:45,1
2022-2-9 11:00,1
2022-2-9 11:15,1
2022-2-9 11:30,1
2022-2-9 13:15,1
2022-2-9 13:30,1
2022-2-9 13:45,1
2022-2-9 14:00,1
2022-2-9 14:15,1
2022-2-9 14:30,1
2022-2-9 14:45,1
2022-2-9 15:00,1
2022-2-10 9:45,1
2022-2-10 10:00,1
2022-2-10 10:15,1
2022-2-10 10:30,1
2022-2-10 10:45,1
2022-2-10 11:00,1
2022-2-10 11:15,1
2022-2-10 11:30,1
2022-2-10 13:15,1
2022-2-10 13:30,1
2022-2-10 13:45,1
2022-2-10 14:00,1
2022-2-10 14:15,1
2022-2-10 14:30,1
2022-2-10 14:45,1
2022-2-10 15:00,1
2022-2-11 9:45,1
2022-2-11 10:00,1
2022-2-11 10:15,1
2022-2-11 10:30,1
2022-2-11 10:45,1
2022-2-11 11:00,1
2022-2-11 11:15,1
2022-2-11 11:30,1
2022-2-11 13:15,1
2022-2-11 13:30,1
2022-2-11 13:45,1
2022-2-11 14:00,1
2022-2-11 14:15,1
2022-2-11 14:30,1
2022-2-11 14:45,1
2022-2-11 15:00,1
2022-2-14 9:45,1
2022-2-14 10:00,1
2022-2-14 10:15,1
2022-2-14 10:30,1
2022-2-14 10:45,1
2022-2-14 11:00,1
2022-2-14 11:15,1
2022-2-14 11:30,1
2022-2-14 13:15,1
2022-2-14 13:30,1
2022-2-14 13:45,1
2022-2-14 14:00,1
2022-2-14 14:15,1
2022-2-14 14:30,1
2022-2-14 14:45,1
2022-2-14 15:00,1
2022-2-15 9:45,1
2022-2-15 10:00,1
2022-2-15 10:15,1
2022-2-15 10:30,1
2022-2-15 10:45,1
2022-2-15 11:00,1
2022-2-15 11:15,1
2022-2-15 11:30,1
2022-2-15 13:15,1
2022-2-15 13:30,1
2022-2-15 13:45,1
2022-2-15 14:00,1
2022-2-15 14:15,1
2022-2-15 14:30,1
2022-2-15 14:45,1
2022-2-15 15:00,1
2022-2-16 9:45,1
2022-2-16 10:00,1
2022-2-16 10:15,1
2022-2-16 10:30,1
2022-2-16 10:45,1
2022-2-16 11:00,1
2022-2-16 11:15,1
2022-2-16 11:30,1
2022-2-16 13:15,1
2022-2-16 13:30,1
2022-2-16 13:45,1
2022-2-16 14:00,1
2022-2-16 14:15,1
2022-2-16 14:30,1
2022-2-16 14:45,1
2022-2-16 15:00,1
2022-2-17 9:45,1
2022-2-17 10:00,1
2022-2-17 10:15,1
2022-2-17 10:30,1
2022-2-17 10:45,1
2022-2-17 11:00,1
2022-2-17 11:15,1
2022-2-17 11:30,1
2022-2-17 13:15,1
2022-2-17 13:30,1
2022-2-17 13:45,1
2022-2-17 14:00,1
2022-2-17 14:15,1
2022-2-17 14:30,1
2022-2-17 14:45,1
2022-2-17 15:00,1
2022-2-18 9:45,1
2022-2-18 10:00,1
2022-2-18 10:15,1
2022-2-18 10:30,1
2022-2-18 10:45,1
2022-2-18 11:00,1
2022-2-18 11:15,1
2022-2-18 11:30,1
2022-2-18 13:15,1
2022-2-18 13:30,1
2022-2-18 13:45,1
2022-2-18 14:00,1
2022-2-18 14:15,1
2022-2-18 14:30,1
2022-2-18 14:45,1
2022-2-18 15:00,1
2022-2-21 9:45,1
2022-2-21 10:00,1
2022-2-21 10:15,1
2022-2-21 10:30,1
2022-2-21 10:45,1
2022-2-21 11:00,1
2022-2-21 11:15,1
2022-2-21 11:30,1
2022-2-21 13:15,1
2022-2-21 13:30,1
2022-2-21 13:45,1
2022-2-21 14:00,1
2022-2-21 14:15,1
2022-2-21 14:30,1
2022-2-21 14:45,1
2022-2-21 15:00,1
2022-2-22 9:45,1
2022-2-22 10:00,1
2022-2-22 10:15,1
2022-2-22 10:30,1
2022-2-22 10:45,1
2022-2-22 11:00,1
2022-2-22 11:15,1
2022-2-22 11:30,1
2022-2-22 13:15,1
2022-2-22 13:30,1
2022-2-22 13:45,1
2022-2-22 14:00,1
2022-2-22 14:15,1
2022-2-22 14:30,1
2022-2-22 14:45,1
2022-2-22 15:00,1
2022-2-23 9:45,1
2022-2-23 10:00,1
2022-2-23 10:15,1
2022-2-23 10:30,1
2022-2-23 10:45,1
2022-2-23 11:00,1
2022-2-23 11:15,1
2022-2-23 11:30,1
2022-2-23 13:15,1
2022-2-23 13:30,1
2022-2-23 13:45,1
2022-2-23 14:00,1
2022-2-23 14:15,1
2022-2-23 14:30,1
2022-2-23 14:45,1
2022-2-23 15:00,1
2022-2-24 9:45,1
2022-2-24 10:00,1
2022-2-24 10:15,1
2022-2-24 10:30,1
2022-2-24 10:45,1
2022-2-24 11:00,1
2022-2-24 11:15,1
2022-2-24 11:30,1
2022-2-24 13:15,1
2022-2-24 13:30,1
2022-2-24 13:45,1
2022-2-24 14:00,1
2022-2-24 14:15,1
2022-2-24 14:30,1
2022-2-24 14:45,1
2022-2-24 15:00,1
2022-2-25 9:45,1
2022-2-25 10:00,1
2022-2-25 10:15,1
2022-2-25 10:30,1
2022-2-25 10:45,1
2022-2-25 11:00,1
2022-2-25 11:15,1
2022-2-25 11:30,1
2022-2-25 13:15,1
2022-2-25 13:30,1
2022-2-25 13:45,1
2022-2-25 14:00,1
2022-2-25 14:15,1
2022-2-25 14:30,1
2022-2-25 14:45,1
2022-2-25 15:00,1
2022-2-28 9:45,1
2022-2-28 10:00,1
2022-2-28 10:15,1
2022-2-28 10:30,1
2022-2-28 10:45,1
2022-2-28 11:00,1
2022-2-28 11:15,1
2022-2-28 11:30,1
2022-2-28 13:15,1
2022-2-28 13:30,1
2022-2-28 13:45,1
2022-2-28 14:00,1
2022-2-28 14:15,1
2022-2-28 14:30,1
2022-2-28 14:45,1
2022-2-28 15:00,1
2022-3-1 9:45,1
2022-3-1 10:00,1
2022-3-1 10:15,1
2022-3-1 10:30,1
2022-3-1 10:45,1
2022-3-1 11:00,1
2022-3-1 11:15,1
2022-3-1 11:30,1
2022-3-1 13:15,1
2022-3-1 13:30,1
2022-3-1 13:45,1
2022-3-1 14:00,1
2022-3-1 14:15,1
2022-3-1 14:30,1
2022-3-1 14:45,1
2022-3-1 15:00,1
2022-3-2 9:45,1
2022-3-2 10:00,1
2022-3-2 10:15,1
2022-3-2 10:30,1
2022-3-2 10:45,1
2022-3-2 11:00,1
2022-3-2 11:15,1
2022-3-2 11:30,1
2022-3-2 13:15,1
2022-3-2 13:30,1
2022-3-2 13:45,1
2022-3-2 14:00,1
2022-3-2 14:15,1
2022-3-2 14:30,1
2022-3-2 14:45,1
2022-3-2 15:00,1
2022-3-3 9:45,1
2022-3-3 10:00,1
2022-3-3 10:15,1
2022-3-3 10:30,1
2022-3-3 10:45,1
2022-3-3 11:00,1
2022-3-3 11:15,1
2022-3-3 11:30,1
2022-3-3 13:15,1
2022-3-3 13:30,1
2022-3-3 13:45,1
2022-3-3 14:00,1
2022-3-3 14:15,1
2022-3-3 14:30,1
2022-3-3 14:45,1
2022-3-3 15:00,1
2022-3-4 9:45,1
2022-3-4 10:00,1
2022-3-4 10:15,1
2022-3-4 10:30,1
2022-3-4 10:45,1
2022-3-4 11:00,1
2022-3-4 11:15,1
2022-3-4 11:30,1
2022-3-4 13:15,1
2022-3-4 13:30,1
2022-3-4 13:45,1
2022-3-4 14:00,1
2022-3-4 14:15,1
2022-3-4 14:30,1
2022-3-4 14:45,1
2022-3-4 15:00,1
2022-3-7 9:45,1
2022-3-7 10:00,1
2022-3-7 10:15,1
2022-3-7 10:30,1
2022-3-7 10:45,1
2022-3-7 11:00,1
2022-3-7 11:15,1
2022-3-7 11:30,1
2022-3-7 13:15,1
2022-3-7 13:30,1
2022-3-7 13:45,1
2022-3-7 14:00,1
2022-3-7 14:15,1
2022-3-7 14:30,1
2022-3-7 14:45,1
2022-3-7 15:00,1
2022-3-8 9:45,1
2022-3-8 10:00,1
2022-3-8 10:15,1
2022-3-8 10:30,1
2022-3-8 10:45,1
2022-3-8 11:00,1
2022-3-8 11:15,1
2022-3-8 11:30,1
2022-3-8 13:15,1
2022-3-8 13:30,1
2022-3-8 13:45,1
2022-3-8 14:00,1
2022-3-8 14:15,1
2022-3-8 14:30,1
2022-3-8 14:45,1
2022-3-8 15:00,1
2022-3-9 9:45,1
2022-3-9 10:00,1
2022-3-9 10:15,1
2022-3-9 10:30,1
2022-3-9 10:45,1
2022-3-9 11:00,1
2022-3-9 11:15,1
2022-3-9 11:30,1
2022-3-9 13:15,1
2022-3-9 13:30,1
2022-3-9 13:45,1
2022-3-9 14:00,1
2022-3-9 14:15,1
2022-3-9 14:30,1
2022-3-9 14:45,1
2022-3-9 15:00,1
2022-3-10 9:45,1
2022-3-10 10:00,1
2022-3-10 10:15,1
2022-3-10 10:30,1
2022-3-10 10:45,1
2022-3-10 11:00,1
2022-3-10 11:15,1
2022-3-10 11:30,1
2022-3-10 13:15,1
2022-3-10 13:30,1
2022-3-10 13:45,1
2022-3-10 14:00,1
2022-3-10 14:15,1
2022-3-10 14:30,1
2022-3-10 14:45,1
2022-3-10 15:00,1
2022-3-11 9:45,1
2022-3-11 10:00,1
2022-3-11 10:15,1
2022-3-11 10:30,1
2022-3-11 10:45,1
2022-3-11 11:00,1
2022-3-11 11:15,1
2022-3-11 11:30,1
2022-3-11 13:15,1
2022-3-11 13:30,1
2022-3-11 13:45,1
2022-3-11 14:00,1
2022-3-11 14:15,1
2022-3-11 14:30,1
2022-3-11 14:45,1
2022-3-11 15:00,1
2022-3-14 9:45,1
2022-3-14 10:00,1
2022-3-14 10:15,1
2022-3-14 10:30,1
2022-3-14 10:45,1
2022-3-14 11:00,1
2022-3-14 11:15,1
2022-3-14 11:30,1
2022-3-14 13:15,1
2022-3-14 13:30,1
2022-3-14 13:45,1
2022-3-14 14:00,1
2022-3-14 14:15,1
2022-3-14 14:30,1
2022-3-14 14:45,1
2022-3-14 15:00,1
2022-3-15 9:45,1
2022-3-15 10:00,1
2022-3-15 10:15,1
2022-3-15 10:30,1
2022-3-15 10:45,1
2022-3-15 11:00,1
2022-3-15 11:15,1
2022-3-15 11:30,1
2022-3-15 13:15,1
2022-3-15 13:30,1
2022-3-15 13:45,1
2022-3-15 14:00,1
2022-3-15 14:15,1
2022-3-15 14:30,1
2022-3-15 14:45,1
2022-3-15 15:00,1
2022-3-16 9:45,1
2022-3-16 10:00,1
2022-3-16 10:15,1
2022-3-16 10:30,1
2022-3-16 10:45,1
2022-3-16 11:00,1
2022-3-16 11:15,1
2022-3-16 11:30,1
2022-3-16 13:15,1
2022-3-16 13:30,1
2022-3-16 13:45,1
2022-3-16 14:00,1
2022-3-16 14:15,1
2022-3-16 14:30,1
2022-3-16 14:45,1
2022-3-16 15:00,1
2022-3-17 9:45,1
2022-3-17 10:00,1
2022-3-17 10:15,1
2022-3-17 10:30,1
2022-3-17 10:45,1
2022-3-17 11:00,1
2022-3-17 11:15,1
2022-3-17 11:30,1
2022-3-17 13:15,1
2022-3-17 13:30,1
2022-3-17 13:45,1
2022-3-17 14:00,1
2022-3-17 14:15,1
2022-3-17 14:30,1
2022-3-17 14:45,1
2022-3-17 15:00,1
2022-3-18 9:45,1
2022-3-18 10:00,1
2022-3-18 10:15,1
2022-3-18 10:30,1
2022-3-18 10:45,1
2022-3-18 11:00,1
2022-3-18 11:15,1
2022-3-18 11:30,1
2022-3-18 13:15,1
2022-3-18 13:30,1
2022-3-18 13:45,1
2022-3-18 14:00,1
2022-3-18 14:15,1
2022-3-18 14:30,1
2022-3-18 14:45,1
2022-3-18 15:00,1
2022-3-21 9:45,1
2022-3-21 10:00,1
2022-3-21 10:15,1
2022-3-21 10:30,1
2022-3-21 10:45,1
2022-3-21 11:00,1
2022-3-21 11:15,1
2022-3-21 11:30,1
2022-3-21 13:15,1
2022-3-21 13:30,1
2022-3-21 13:45,1
2022-3-21 14:00,1
2022-3-21 14:15,1
2022-3-21 14:30,1
2022-3-21 14:45,1
2022-3-21 15:00,1
2022-3-22 9:45,1
2022-3-22 10:00,1
2022-3-22 10:15,1
2022-3-22 10:30,1
2022-3-22 10:45,1
2022-3-22 11:00,1
2022-3-22 11:15,1
2022-3-22 11:30,1
2022-3-22 13:15,1
2022-3-22 13:30,1
2022-3-22 13:45,1
2022-3-22 14:00,1
2022-3-22 14:15,1
2022-3-22 14:30,1
2022-3-22 14:45,1
2022-3-22 15:00,1
2022-3-23 9:45,1
2022-3-23 10:00,1
2022-3-23 10:15,1
2022-3-23 10:30,1
2022-3-23 10:45,1
2022-3-23 11:00,1
2022-3-23 11:15,1
2022-3-23 11:30,1
2022-3-23 13:15,1
2022-3-23 13:30,1
2022-3-23 13:45,1
2022-3-23 14:00,1
2022-3-23 14:15,1
2022-3-23 14:30,1
2022-3-23 14:45,1
2022-3-23 15:00,1
2022-3-24 9:45,1
2022-3-24 10:00,1
2022-3-24 10:15,1
2022-3-24 10:30,1
2022-3-24 10:45,1
2022-3-24 11:00,1
2022-3-24 11:15,1
2022-3-24 11:30,1
2022-3-24 13:15,1
2022-3-24 13:30,1
2022-3-24 13:45,1
2022-3-24 14:00,1
2022-3-24 14:15,1
2022-3-24 14:30,1
2022-3-24 14:45,1
2022-3-24 15:00,1
2022-3-25 9:45,1
2022-3-25 10:00,1
2022-3-25 10:15,1
2022-3-25 10:30,1
2022-3-25 10:45,1
2022-3-25 11:00,1
2022-3-25 11:15,1
2022-3-25 11:30,1
2022-3-25 13:15,1
2022-3-25 13:30,1
2022-3-25 13:45,1
2022-3-25 14:00,1
2022-3-25 14:15,1
2022-3-25 14:30,1
2022-3-25 14:45,1
2022-3-25 15:00,1
2022-3-28 9:45,1
2022-3-28 10:00,1
2022-3-28 10:15,1
2022-3-28 10:30,1
2022-3-28 10:45,1
2022-3-28 11:00,1
2022-3-28 11:15,1
2022-3-28 11:30,1
2022-3-28 13:15,1
2022-3-28 13:30,1
2022-3-28 13:45,1
2022-3-28 14:00,1
2022-3-28 14:15,1
2022-3-28 14:30,1
2022-3-28 14:45,1
2022-3-28 15:00,1
2022-3-29 9:45,1
2022-3-29 10:00,1
2022-3-29 10:15,1
2022-3-29 10:30,1
2022-3-29 10:45,1
2022-3-29 11:00,1
2022-3-29 11:15,1
2022-3-29 11:30,1
2022-3-29 13:15,1
2022-3-29 13:30,1
2022-3-29 13:45,1
2022-3-29 14:00,1
2022-3-29 14:15,1
2022-3-29 14:30,1
2022-3-29 14:45,1
2022-3-29 15:00,1
2022-3-30 9:45,1
2022-3-30 10:00,1
2022-3-30 10:15,1
2022-3-30 10:30,1
2022-3-30 10:45,1
2022-3-30 11:00,1
2022-3-30 11:15,1
2022-3-30 11:30,1
2022-3-30 13:15,1
2022-3-30 13:30,1
2022-3-30 13:45,1
2022-3-30 14:00,1
2022-3-30 14:15,1
2022-3-30 14:30,1
2022-3-30 14:45,1
2022-3-30 15:00,1
2022-3-31 9:45,1
2022-3-31 10:00,1
2022-3-31 10:15,1
2022-3-31 10:30,1
2022-3-31 10:45,1
2022-3-31 11:00,1
2022-3-31 11:15,1
2022-3-31 11:30,1
2022-3-31 13:15,1
2022-3-31 13:30,1
2022-3-31 13:45,1
2022-3-31 14:00,1
2022-3-31 14:15,1
2022-3-31 14:30,1
2022-3-31 14:45,1
2022-3-31 15:00,1
2022-4-1 9:45,1
2022-4-1 10:00,1
2022-4-1 10:15,1
2022-4-1 10:30,1
2022-4-1 10:45,1
2022-4-1 11:00,1
2022-4-1 11:15,1
2022-4-1 11:30,1
2022-4-1 13:15,1
2022-4-1 13:30,1
2022-4-1 13:45,1
2022-4-1 14:00,1
2022-4-1 14:15,1
2022-4-1 14:30,1
2022-4-1 14:45,1
2022-4-1 15:00,1
2022-4-6 9:45,1
2022-4-6 10:00,1
2022-4-6 10:15,1
2022-4-6 10:30,1
2022-4-6 10:45,1
2022-4-6 11:00,1
2022-4-6 11:15,1
2022-4-6 11:30,1
2022-4-6 13:15,1
2022-4-6 13:30,1
2022-4-6 13:45,1
2022-4-6 14:00,1
2022-4-6 14:15,1
2022-4-6 14:30,1
2022-4-6 14:45,1
2022-4-6 15:00,1
2022-4-7 9:45,1
2022-4-7 10:00,1
2022-4-7 10:15,1
2022-4-7 10:30,1
2022-4-7 10:45,1
2022-4-7 11:00,1
2022-4-7 11:15,1
2022-4-7 11:30,1
2022-4-7 13:15,1
2022-4-7 13:30,1
2022-4-7 13:45,1
2022-4-7 14:00,1
2022-4-7 14:15,1
2022-4-7 14:30,1
2022-4-7 14:45,1
2022-4-7 15:00,1
2022-4-8 9:45,1
2022-4-8 10:00,1
2022-4-8 10:15,1
2022-4-8 10:30,1
2022-4-8 10:45,1
2022-4-8 11:00,1
2022-4-8 11:15,1
2022-4-8 11:30,1
2022-4-8 13:15,1
2022-4-8 13:30,1
2022-4-8 13:45,1
2022-4-8 14:00,1
2022-4-8 14:15,1
2022-4-8 14:30,1
2022-4-8 14:45,1
2022-4-8 15:00,1
2022-4-11 9:45,1
2022-4-11 10:00,1
2022-4-11 10:15,1
2022-4-11 10:30,1
2022-4-11 10:45,1
2022-4-11 11:00,1
2022-4-11 11:15,1
2022-4-11 11:30,1
2022-4-11 13:15,1
2022-4-11 13:30,1
2022-4-11 13:45,1
2022-4-11 14:00,1
2022-4-11 14:15,1
2022-4-11 14:30,1
2022-4-11 14:45,1
2022-4-11 15:00,1
2022-4-12 9:45,1
2022-4-12 10:00,1
2022-4-12 10:15,1
2022-4-12 10:30,1
2022-4-12 10:45,1
2022-4-12 11:00,1
2022-4-12 11:15,1
2022-4-12 11:30,1
2022-4-12 13:15,1
2022-4-12 13:30,1
2022-4-12 13:45,1
2022-4-12 14:00,1
2022-4-12 14:15,1
2022-4-12 14:30,1
2022-4-12 14:45,1
2022-4-12 15:00,1
2022-4-13 9:45,1
2022-4-13 10:00,1
2022-4-13 10:15,1
2022-4-13 10:30,1
2022-4-13 10:45,1
2022-4-13 11:00,1
2022-4-13 11:15,1
2022-4-13 11:30,1
2022-4-13 13:15,1
2022-4-13 13:30,1
2022-4-13 13:45,1
2022-4-13 14:00,1
2022-4-13 14:15,1
2022-4-13 14:30,1
2022-4-13 14:45,1
2022-4-13 15:00,1
2022-4-14 9:45,1
2022-4-14 10:00,1
2022-4-14 10:15,1
2022-4-14 10:30,1
2022-4-14 10:45,1
2022-4-14 11:00,1
2022-4-14 11:15,1
2022-4-14 11:30,1
2022-4-14 13:15,1
2022-4-14 13:30,1
2022-4-14 13:45,1
2022-4-14 14:00,1
2022-4-14 14:15,1
2022-4-14 14:30,1
2022-4-14 14:45,1
2022-4-14 15:00,1
2022-4-15 9:45,1
2022-4-15 10:00,1
2022-4-15 10:15,1
2022-4-15 10:30,1
2022-4-15 10:45,1
2022-4-15 11:00,1
2022-4-15 11:15,1
2022-4-15 11:30,1
2022-4-15 13:15,1
2022-4-15 13:30,1
2022-4-15 13:45,1
2022-4-15 14:00,1
2022-4-15 14:15,1
2022-4-15 14:30,1
2022-4-15 14:45,1
2022-4-15 15:00,1
2022-4-18 9:45,1
2022-4-18 10:00,1
2022-4-18 10:15,1
2022-4-18 10:30,1
2022-4-18 10:45,1
2022-4-18 11:00,1
2022-4-18 11:15,1
2022-4-18 11:30,1
2022-4-18 13:15,1
2022-4-18 13:30,1
2022-4-18 13:45,1
2022-4-18 14:00,1
2022-4-18 14:15,1
2022-4-18 14:30,1
2022-4-18 14:45,1
2022-4-18 15:00,1
2022-4-19 9:45,1
2022-4-19 10:00,1
2022-4-19 10:15,1
2022-4-19 10:30,1
2022-4-19 10:45,1
2022-4-19 11:00,1
2022-4-19 11:15,1
2022-4-19 11:30,1
2022-4-19 13:15,1
2022-4-19 13:30,1
2022-4-19 13:45,1
2022-4-19 14:00,1
2022-4-19 14:15,1
2022-4-19 14:30,1
2022-4-19 14:45,1
2022-4-19 15:00,1
2022-4-20 9:45,1
2022-4-20 10:00,1
2022-4-20 10:15,1
2022-4-20 10:30,1
2022-4-20 10:45,1
2022-4-20 11:00,1
2022-4-20 11:15,1
2022-4-20 11:30,1
2022-4-20 13:15,1
2022-4-20 13:30,1
2022-4-20 13:45,1
2022-4-20 14:00,1
2022-4-20 14:15,1
2022-4-20 14:30,1
2022-4-20 14:45,1
2022-4-20 15:00,1
2022-4-21 9:45,1
2022-4-21 10:00,1
2022-4-21 10:15,1
2022-4-21 10:30,1
2022-4-21 10:45,1
2022-4-21 11:00,1
2022-4-21 11:15,1
2022-4-21 11:30,1
2022-4-21 13:15,1
2022-4-21 13:30,1
2022-4-21 13:45,1
2022-4-21 14:00,1
2022-4-21 14:15,1
2022-4-21 14:30,1
2022-4-21 14:45,1
2022-4-21 15:00,1
2022-4-22 9:45,1
2022-4-22 10:00,1
2022-4-22 10:15,1
2022-4-22 10:30,1
2022-4-22 10:45,1
2022-4-22 11:00,1
2022-4-22 11:15,1
2022-4-22 11:30,1
2022-4-22 13:15,1
2022-4-22 13:30,1
2022-4-22 13:45,1
2022-4-22 14:00,1
2022-4-22 14:15,1
2022-4-22 14:30,1
2022-4-22 14:45,1
2022-4-22 15:00,1
2022-4-25 9:45,1
2022-4-25 10:00,1
2022-4-25 10:15,1
2022-4-25 10:30,1
2022-4-25 10:45,1
2022-4-25 11:00,1
2022-4-25 11:15,1
2022-4-25 11:30,1
2022-4-25 13:15,1
2022-4-25 13:30,1
2022-4-25 13:45,1
2022-4-25 14:00,1
2022-4-25 14:15,1
2022-4-25 14:30,1
2022-4-25 14:45,1
2022-4-25 15:00,1
2022-4-26 9:45,1
2022-4-26 10:00,1
2022-4-26 10:15,1
2022-4-26 10:30,1
2022-4-26 10:45,1
2022-4-26 11:00,1
2022-4-26 11:15,1
2022-4-26 11:30,1
2022-4-26 13:15,1
2022-4-26 13:30,1
2022-4-26 13:45,1
2022-4-26 14:00,1
2022-4-26 14:15,1
2022-4-26 14:30,1
2022-4-26 14:45,1
2022-4-26 15:00,1
2022-4-27 9:45,1
2022-4-27 10:00,1
2022-4-27 10:15,1
2022-4-27 10:30,1
2022-4-27 10:45,1
2022-4-27 11:00,1
2022-4-27 11:15,1
2022-4-27 11:30,1
2022-4-27 13:15,1
2022-4-27 13:30,1
2022-4-27 13:45,1
2022-4-27 14:00,1
2022-4-27 14:15,1
2022-4-27 14:30,1
2022-4-27 14:45,1
2022-4-27 15:00,1
2022-4-28 9:45,1
2022-4-28 10:00,1
2022-4-28 10:15,1
2022-4-28 10:30,1
2022-4-28 10:45,1
2022-4-28 11:00,1
2022-4-28 11:15,1
2022-4-28 11:30,1
2022-4-28 13:15,1
2022-4-28 13:30,1
2022-4-28 13:45,1
2022-4-28 14:00,1
2022-4-28 14:15,1
2022-4-28 14:30,1
2022-4-28 14:45,1
2022-4-28 15:00,1
2022-4-29 9:45,1
2022-4-29 10:00,1
2022-4-29 10:15,1
2022-4-29 10:30,1
2022-4-29 10:45,1
2022-4-29 11:00,1
2022-4-29 11:15,1
2022-4-29 11:30,1
2022-4-29 13:15,1
2022-4-29 13:30,1
2022-4-29 13:45,1
2022-4-29 14:00,1
2022-4-29 14:15,1
2022-4-29 14:30,1
2022-4-29 14:45,1
2022-4-29 15:00,1
2022-5-5 9:45,1
2022-5-5 10:00,1
2022-5-5 10:15,1
2022-5-5 10:30,1
2022-5-5 10:45,1
2022-5-5 11:00,1
2022-5-5 11:15,1
2022-5-5 11:30,1
2022-5-5 13:15,1
2022-5-5 13:30,1
2022-5-5 13:45,1
2022-5-5 14:00,1
2022-5-5 14:15,1
2022-5-5 14:30,1
2022-5-5 14:45,1
2022-5-5 15:00,1
2022-5-6 9:45,1
2022-5-6 10:00,1
2022-5-6 10:15,1
2022-5-6 10:30,1
2022-5-6 10:45,1
2022-5-6 11:00,1
2022-5-6 11:15,1
2022-5-6 11:30,1
2022-5-6 13:15,1
2022-5-6 13:30,1
2022-5-6 13:45,1
2022-5-6 14:00,1
2022-5-6 14:15,1
2022-5-6 14:30,1
2022-5-6 14:45,1
2022-5-6 15:00,1
2022-5-9 9:45,1
2022-5-9 10:00,1
2022-5-9 10:15,1
2022-5-9 10:30,1
2022-5-9 10:45,1
2022-5-9 11:00,1
2022-5-9 11:15,1
2022-5-9 11:30,1
2022-5-9 13:15,1
2022-5-9 13:30,1
2022-5-9 13:45,1
2022-5-9 14:00,1
2022-5-9 14:15,1
2022-5-9 14:30,1
2022-5-9 14:45,1
2022-5-9 15:00,1
2022-5-10 9:45,1
2022-5-10 10:00,1
2022-5-10 10:15,1
2022-5-10 10:30,1
2022-5-10 10:45,1
2022-5-10 11:00,1
2022-5-10 11:15,1
2022-5-10 11:30,1
2022-5-10 13:15,1
2022-5-10 13:30,1
2022-5-10 13:45,1
2022-5-10 14:00,1
2022-5-10 14:15,1
2022-5-10 14:30,1
2022-5-10 14:45,1
2022-5-10 15:00,1
2022-5-11 9:45,1
2022-5-11 10:00,1
2022-5-11 10:15,1
2022-5-11 10:30,1
2022-5-11 10:45,1
2022-5-11 11:00,1
2022-5-11 11:15,1
2022-5-11 11:30,1
2022-5-11 13:15,1
2022-5-11 13:30,1
2022-5-11 13:45,1
2022-5-11 14:00,1
2022-5-11 14:15,1
2022-5-11 14:30,1
2022-5-11 14:45,1
2022-5-11 15:00,1
2022-5-12 9:45,1
2022-5-12 10:00,1
2022-5-12 10:15,1
2022-5-12 10:30,1
2022-5-12 10:45,1
2022-5-12 11:00,1
2022-5-12 11:15,1
2022-5-12 11:30,1
2022-5-12 13:15,1
2022-5-12 13:30,1
2022-5-12 13:45,1
2022-5-12 14:00,1
2022-5-12 14:15,1
2022-5-12 14:30,1
2022-5-12 14:45,1
2022-5-12 15:00,1
2022-5-13 9:45,1
2022-5-13 10:00,1
2022-5-13 10:15,1
2022-5-13 10:30,1
2022-5-13 10:45,1
2022-5-13 11:00,1
2022-5-13 11:15,1
2022-5-13 11:30,1
2022-5-13 13:15,1
2022-5-13 13:30,1
2022-5-13 13:45,1
2022-5-13 14:00,1
2022-5-13 14:15,1
2022-5-13 14:30,1
2022-5-13 14:45,1
2022-5-13 15:00,1
2022-5-16 9:45,1
2022-5-16 10:00,1
2022-5-16 10:15,1
2022-5-16 10:30,1
2022-5-16 10:45,1
2022-5-16 11:00,1
2022-5-16 11:15,1
2022-5-16 11:30,1
2022-5-16 13:15,1
2022-5-16 13:30,1
2022-5-16 13:45,1
2022-5-16 14:00,1
2022-5-16 14:15,1
2022-5-16 14:30,1
2022-5-16 14:45,1
2022-5-16 15:00,1
2022-5-17 9:45,1
2022-5-17 10:00,1
2022-5-17 10:15,1
2022-5-17 10:30,1
2022-5-17 10:45,1
2022-5-17 11:00,1
2022-5-17 11:15,1
2022-5-17 11:30,1
2022-5-17 13:15,1
2022-5-17 13:30,1
2022-5-17 13:45,1
2022-5-17 14:00,1
2022-5-17 14:15,1
2022-5-17 14:30,1
2022-5-17 14:45,1
2022-5-17 15:00,1
2022-5-18 9:45,1
2022-5-18 10:00,1
2022-5-18 10:15,1
2022-5-18 10:30,1
2022-5-18 10:45,1
2022-5-18 11:00,1
2022-5-18 11:15,1
2022-5-18 11:30,1
2022-5-18 13:15,1
2022-5-18 13:30,1
2022-5-18 13:45,1
2022-5-18 14:00,1
2022-5-18 14:15,1
2022-5-18 14:30,1
2022-5-18 14:45,1
2022-5-18 15:00,1
2022-5-19 9:45,1
2022-5-19 10:00,1
2022-5-19 10:15,1
2022-5-19 10:30,1
2022-5-19 10:45,1
2022-5-19 11:00,1
2022-5-19 11:15,1
2022-5-19 11:30,1
2022-5-19 13:15,1
2022-5-19 13:30,1
2022-5-19 13:45,1
2022-5-19 14:00,1
2022-5-19 14:15,1
2022-5-19 14:30,1
2022-5-19 14:45,1
2022-5-19 15:00,1
2022-5-20 9:45,1
2022-5-20 10:00,1
2022-5-20 10:15,1
2022-5-20 10:30,1
2022-5-20 10:45,1
2022-5-20 11:00,1
2022-5-20 11:15,1
2022-5-20 11:30,1
2022-5-20 13:15,1
2022-5-20 13:30,1
2022-5-20 13:45,1
2022-5-20 14:00,1
2022-5-20 14:15,1
2022-5-20 14:30,1
2022-5-20 14:45,1
2022-5-20 15:00,1
2022-5-23 9:45,1
2022-5-23 10:00,1
2022-5-23 10:15,1
2022-5-23 10:30,1
2022-5-23 10:45,1
2022-5-23 11:00,1
2022-5-23 11:15,1
2022-5-23 11:30,1
2022-5-23 13:15,1
2022-5-23 13:30,1
2022-5-23 13:45,1
2022-5-23 14:00,1
2022-5-23 14:15,1
2022-5-23 14:30,1
2022-5-23 14:45,1
2022-5-23 15:00,1
2022-5-24 9:45,1
2022-5-24 10:00,1
2022-5-24 10:15,1
2022-5-24 10:30,1
2022-5-24 10:45,1
2022-5-24 11:00,1
2022-5-24 11:15,1
2022-5-24 11:30,1
2022-5-24 13:15,1
2022-5-24 13:30,1
2022-5-24 13:45,1
2022-5-24 14:00,1
2022-5-24 14:15,1
2022-5-24 14:30,1
2022-5-24 14:45,1
2022-5-24 15:00,1
2022-5-25 9:45,1
2022-5-25 10:00,1
2022-5-25 10:15,1
2022-5-25 10:30,1
2022-5-25 10:45,1
2022-5-25 11:00,1
2022-5-25 11:15,1
2022-5-25 11:30,1
2022-5-25 13:15,1
2022-5-25 13:30,1
2022-5-25 13:45,1
2022-5-25 14:00,1
2022-5-25 14:15,1
2022-5-25 14:30,1
2022-5-25 14:45,1
2022-5-25 15:00,1
2022-5-26 9:45,1
2022-5-26 10:00,1
2022-5-26 10:15,1
2022-5-26 10:30,1
2022-5-26 10:45,1
2022-5-26 11:00,1
2022-5-26 11:15,1
2022-5-26 11:30,1
2022-5-26 13:15,1
2022-5-26 13:30,1
2022-5-26 13:45,1
2022-5-26 14:00,1
2022-5-26 14:15,1
2022-5-26 14:30,1
2022-5-26 14:45,1
2022-5-26 15:00,1
2022-5-27 9:45,1
2022-5-27 10:00,1
2022-5-27 10:15,1
2022-5-27 10:30,1
2022-5-27 10:45,1
2022-5-27 11:00,1
2022-5-27 11:15,1
2022-5-27 11:30,1
2022-5-27 13:15,1
2022-5-27 13:30,1
2022-5-27 13:45,1
2022-5-27 14:00,1
2022-5-27 14:15,1
2022-5-27 14:30,1
2022-5-27 14:45,1
2022-5-27 15:00,1
2022-5-30 9:45,1
2022-5-30 10:00,1
2022-5-30 10:15,1
2022-5-30 10:30,1
2022-5-30 10:45,1
2022-5-30 11:00,1
2022-5-30 11:15,1
2022-5-30 11:30,1
2022-5-30 13:15,1
2022-5-30 13:30,1
2022-5-30 13:45,1
2022-5-30 14:00,1
2022-5-30 14:15,1
2022-5-30 14:30,1
2022-5-30 14:45,1
2022-5-30 15:00,1
2022-5-31 9:45,1
2022-5-31 10:00,1
2022-5-31 10:15,1
2022-5-31 10:30,1
2022-5-31 10:45,1
2022-5-31 11:00,1
2022-5-31 11:15,1
2022-5-31 11:30,1
2022-5-31 13:15,1
2022-5-31 13:30,1
2022-5-31 13:45,1
2022-5-31 14:00,1
2022-5-31 14:15,1
2022-5-31 14:30,1
2022-5-31 14:45,1
2022-5-31 15:00,1
2022-6-1 9:45,1
2022-6-1 10:00,1
2022-6-1 10:15,1
2022-6-1 10:30,1
2022-6-1 10:45,1
2022-6-1 11:00,1
2022-6-1 11:15,1
2022-6-1 11:30,1
2022-6-1 13:15,1
2022-6-1 13:30,1
2022-6-1 13:45,1
2022-6-1 14:00,1
2022-6-1 14:15,1
2022-6-1 14:30,1
2022-6-1 14:45,1
2022-6-1 15:00,1
2022-6-2 9:45,1
2022-6-2 10:00,1
2022-6-2 10:15,1
2022-6-2 10:30,1
2022-6-2 10:45,1
2022-6-2 11:00,1
2022-6-2 11:15,1
2022-6-2 11:30,1
2022-6-2 13:15,1
2022-6-2 13:30,1
2022-6-2 13:45,1
2022-6-2 14:00,1
2022-6-2 14:15,1
2022-6-2 14:30,1
2022-6-2 14:45,1
2022-6-2 15:00,1
2022-6-6 9:45,1
2022-6-6 10:00,1
2022-6-6 10:15,1
2022-6-6 10:30,1
2022-6-6 10:45,1
2022-6-6 11:00,1
2022-6-6 11:15,1
2022-6-6 11:30,1
2022-6-6 13:15,1
2022-6-6 13:30,1
2022-6-6 13:45,1
2022-6-6 14:00,1
2022-6-6 14:15,1
2022-6-6 14:30,1
2022-6-6 14:45,1
2022-6-6 15:00,1
2022-6-7 9:45,1
2022-6-7 10:00,1
2022-6-7 10:15,1
2022-6-7 10:30,1
2022-6-7 10:45,1
2022-6-7 11:00,1
2022-6-7 11:15,1
2022-6-7 11:30,1
2022-6-7 13:15,1
2022-6-7 13:30,1
2022-6-7 13:45,1
2022-6-7 14:00,1
2022-6-7 14:15,1
2022-6-7 14:30,1
2022-6-7 14:45,1
2022-6-7 15:00,1
2022-6-8 9:45,1
2022-6-8 10:00,1
2022-6-8 10:15,1
2022-6-8 10:30,1
2022-6-8 10:45,1
2022-6-8 11:00,1
2022-6-8 11:15,1
2022-6-8 11:30,1
2022-6-8 13:15,1
2022-6-8 13:30,1
2022-6-8 13:45,1
2022-6-8 14:00,1
2022-6-8 14:15,1
2022-6-8 14:30,1
2022-6-8 14:45,1
2022-6-8 15:00,1
2022-6-9 9:45,1
2022-6-9 10:00,1
2022-6-9 10:15,1
2022-6-9 10:30,1
2022-6-9 10:45,1
2022-6-9 11:00,1
2022-6-9 11:15,1
2022-6-9 11:30,1
2022-6-9 13:15,1
2022-6-9 13:30,1
2022-6-9 13:45,1
2022-6-9 14:00,1
2022-6-9 14:15,1
2022-6-9 14:30,1
2022-6-9 14:45,1
2022-6-9 15:00,1
2022-6-10 9:45,1
2022-6-10 10:00,1
2022-6-10 10:15,1
2022-6-10 10:30,1
2022-6-10 10:45,1
2022-6-10 11:00,1
2022-6-10 11:15,1
2022-6-10 11:30,1
2022-6-10 13:15,1
2022-6-10 13:30,1
2022-6-10 13:45,1
2022-6-10 14:00,1
2022-6-10 14:15,1
2022-6-10 14:30,1
2022-6-10 14:45,1
2022-6-10 15:00,1
2022-6-13 9:45,1
2022-6-13 10:00,1
2022-6-13 10:15,1
2022-6-13 10:30,1
2022-6-13 10:45,1
2022-6-13 11:00,1
2022-6-13 11:15,1
2022-6-13 11:30,1
2022-6-13 13:15,1
2022-6-13 13:30,1
2022-6-13 13:45,1
2022-6-13 14:00,1
2022-6-13 14:15,1
2022-6-13 14:30,1
2022-6-13 14:45,1
2022-6-13 15:00,1
2022-6-14 9:45,1
2022-6-14 10:00,1
2022-6-14 10:15,1
2022-6-14 10:30,1
2022-6-14 10:45,1
2022-6-14 11:00,1
2022-6-14 11:15,1
2022-6-14 11:30,1
2022-6-14 13:15,1
2022-6-14 13:30,1
2022-6-14 13:45,1
2022-6-14 14:00,1
2022-6-14 14:15,1
2022-6-14 14:30,1
2022-6-14 14:45,1
2022-6-14 15:00,1
2022-6-15 9:45,1
2022-6-15 10:00,1
2022-6-15 10:15,1
2022-6-15 10:30,1
2022-6-15 10:45,1
2022-6-15 11:00,1
2022-6-15 11:15,1
2022-6-15 11:30,1
2022-6-15 13:15,1
2022-6-15 13:30,1
2022-6-15 13:45,1
2022-6-15 14:00,1
2022-6-15 14:15,1
2022-6-15 14:30,1
2022-6-15 14:45,1
2022-6-15 15:00,1
2022-6-16 9:45,1
2022-6-16 10:00,1
2022-6-16 10:15,1
2022-6-16 10:30,1
2022-6-16 10:45,1
2022-6-16 11:00,1
2022-6-16 11:15,1
2022-6-16 11:30,1
2022-6-16 13:15,1
2022-6-16 13:30,1
2022-6-16 13:45,1
2022-6-16 14:00,1
2022-6-16 14:15,1
2022-6-16 14:30,1
2022-6-16 14:45,1
2022-6-16 15:00,1
2022-6-17 9:45,1
2022-6-17 10:00,1
2022-6-17 10:15,1
2022-6-17 10:30,1
2022-6-17 10:45,1
2022-6-17 11:00,1
2022-6-17 11:15,1
2022-6-17 11:30,1
2022-6-17 13:15,1
2022-6-17 13:30,1
2022-6-17 13:45,1
2022-6-17 14:00,1
2022-6-17 14:15,1
2022-6-17 14:30,1
2022-6-17 14:45,1
2022-6-17 15:00,1
2022-6-20 9:45,1
2022-6-20 10:00,1
2022-6-20 10:15,1
2022-6-20 10:30,1
2022-6-20 10:45,1
2022-6-20 11:00,1
2022-6-20 11:15,1
2022-6-20 11:30,1
2022-6-20 13:15,1
2022-6-20 13:30,1
2022-6-20 13:45,1
2022-6-20 14:00,1
2022-6-20 14:15,1
2022-6-20 14:30,1
2022-6-20 14:45,1
2022-6-20 15:00,1
2022-6-21 9:45,1
2022-6-21 10:00,1
2022-6-21 10:15,1
2022-6-21 10:30,1
2022-6-21 10:45,1
2022-6-21 11:00,1
2022-6-21 11:15,1
2022-6-21 11:30,1
2022-6-21 13:15,1
2022-6-21 13:30,1
2022-6-21 13:45,1
2022-6-21 14:00,1
2022-6-21 14:15,1
2022-6-21 14:30,1
2022-6-21 14:45,1
2022-6-21 15:00,1
2022-6-22 9:45,1
2022-6-22 10:00,1
2022-6-22 10:15,1
2022-6-22 10:30,1
2022-6-22 10:45,1
2022-6-22 11:00,1
2022-6-22 11:15,1
2022-6-22 11:30,1
2022-6-22 13:15,1
2022-6-22 13:30,1
2022-6-22 13:45,1
2022-6-22 14:00,1
2022-6-22 14:15,1
2022-6-22 14:30,1
2022-6-22 14:45,1
2022-6-22 15:00,1
2022-6-23 9:45,1
2022-6-23 10:00,1
2022-6-23 10:15,1
2022-6-23 10:30,1
2022-6-23 10:45,1
2022-6-23 11:00,1
2022-6-23 11:15,1
2022-6-23 11:30,1
2022-6-23 13:15,1
2022-6-23 13:30,1
2022-6-23 13:45,1
2022-6-23 14:00,1
2022-6-23 14:15,1
2022-6-23 14:30,1
2022-6-23 14:45,1
2022-6-23 15:00,1
2022-6-24 9:45,1
2022-6-24 10:00,1
2022-6-24 10:15,1
2022-6-24 10:30,1
2022-6-24 10:45,1
2022-6-24 11:00,1
2022-6-24 11:15,1
2022-6-24 11:30,1
2022-6-24 13:15,1
2022-6-24 13:30,1
2022-6-24 13:45,1
2022-6-24 14:00,1
2022-6-24 14:15,1
2022-6-24 14:30,1
2022-6-24 14:45,1
2022-6-24 15:00,1
2022-6-27 9:45,1
2022-6-27 10:00,1
2022-6-27 10:15,1
2022-6-27 10:30,1
2022-6-27 10:45,1
2022-6-27 11:00,1
2022-6-27 11:15,1
2022-6-27 11:30,1
2022-6-27 13:15,1
2022-6-27 13:30,1
2022-6-27 13:45,1
2022-6-27 14:00,1
2022-6-27 14:15,1
2022-6-27 14:30,1
2022-6-27 14:45,1
2022-6-27 15:00,1
2022-6-28 9:45,1
2022-6-28 10:00,1
2022-6-28 10:15,1
2022-6-28 10:30,1
2022-6-28 10:45,1
2022-6-28 11:00,1
2022-6-28 11:15,1
2022-6-28 11:30,1
2022-6-28 13:15,1
2022-6-28 13:30,1
2022-6-28 13:45,1
2022-6-28 14:00,1
2022-6-28 14:15,1
2022-6-28 14:30,1
2022-6-28 14:45,1
2022-6-28 15:00,1
2022-6-29 9:45,1
2022-6-29 10:00,1
2022-6-29 10:15,1
2022-6-29 10:30,1
2022-6-29 10:45,1
2022-6-29 11:00,1
2022-6-29 11:15,1
2022-6-29 11:30,1
2022-6-29 13:15,1
2022-6-29 13:30,1
2022-6-29 13:45,1
2022-6-29 14:00,1
2022-6-29 14:15,1
2022-6-29 14:30,1
2022-6-29 14:45,1
2022-6-29 15:00,1
2022-6-30 9:45,1
2022-6-30 10:00,1
2022-6-30 10:15,1
2022-6-30 10:30,1
2022-6-30 10:45,1
2022-6-30 11:00,1
2022-6-30 11:15,1
2022-6-30 11:30,1
2022-6-30 13:15,1
2022-6-30 13:30,1
2022-6-30 13:45,1
2022-6-30 14:00,1
2022-6-30 14:15,1
2022-6-30 14:30,1
2022-6-30 14:45,1
2022-6-30 15:00,1
2022-7-1 9:45,1
2022-7-1 10:00,1
2022-7-1 10:15,1
2022-7-1 10:30,1
2022-7-1 10:45,1
2022-7-1 11:00,1
2022-7-1 11:15,1
2022-7-1 11:30,1
2022-7-1 13:15,1
2022-7-1 13:30,1
2022-7-1 13:45,1
2022-7-1 14:00,1
2022-7-1 14:15,1
2022-7-1 14:30,1
2022-7-1 14:45,1
2022-7-1 15:00,1
2022-7-4 9:45,1
2022-7-4 10:00,1
2022-7-4 10:15,1
2022-7-4 10:30,1
2022-7-4 10:45,1
2022-7-4 11:00,1
2022-7-4 11:15,1
2022-7-4 11:30,1
2022-7-4 13:15,1
2022-7-4 13:30,1
2022-7-4 13:45,1
2022-7-4 14:00,1
2022-7-4 14:15,1
2022-7-4 14:30,1
2022-7-4 14:45,1
2022-7-4 15:00,1
2022-7-5 9:45,1
2022-7-5 10:00,1
2022-7-5 10:15,1
2022-7-5 10:30,1
2022-7-5 10:45,1
2022-7-5 11:00,1
2022-7-5 11:15,1
2022-7-5 11:30,1
2022-7-5 13:15,1
2022-7-5 13:30,1
2022-7-5 13:45,1
2022-7-5 14:00,1
2022-7-5 14:15,1
2022-7-5 14:30,1
2022-7-5 14:45,1
2022-7-5 15:00,1
2022-7-6 9:45,1
2022-7-6 10:00,1
2022-7-6 10:15,1
2022-7-6 10:30,1
2022-7-6 10:45,1
2022-7-6 11:00,1
2022-7-6 11:15,1
2022-7-6 11:30,1
2022-7-6 13:15,1
2022-7-6 13:30,1
2022-7-6 13:45,1
2022-7-6 14:00,1
2022-7-6 14:15,1
2022-7-6 14:30,1
2022-7-6 14:45,1
2022-7-6 15:00,1
2022-7-7 9:45,1
2022-7-7 10:00,1
2022-7-7 10:15,1
2022-7-7 10:30,1
2022-7-7 10:45,1
2022-7-7 11:00,1
2022-7-7 11:15,1
2022-7-7 11:30,1
2022-7-7 13:15,1
2022-7-7 13:30,1
2022-7-7 13:45,1
2022-7-7 14:00,1
2022-7-7 14:15,1
2022-7-7 14:30,1
2022-7-7 14:45,1
2022-7-7 15:00,1
2022-7-8 9:45,1
2022-7-8 10:00,1
2022-7-8 10:15,1
2022-7-8 10:30,1
2022-7-8 10:45,1
2022-7-8 11:00,1
2022-7-8 11:15,1
2022-7-8 11:30,1
2022-7-8 13:15,1
2022-7-8 13:30,1
2022-7-8 13:45,1
2022-7-8 14:00,1
2022-7-8 14:15,1
2022-7-8 14:30,1
2022-7-8 14:45,1
2022-7-8 15:00,1
2022-7-11 9:45,1
2022-7-11 10:00,1
2022-7-11 10:15,1
2022-7-11 10:30,1
2022-7-11 10:45,1
2022-7-11 11:00,1
2022-7-11 11:15,1
2022-7-11 11:30,1
2022-7-11 13:15,1
2022-7-11 13:30,1
2022-7-11 13:45,1
2022-7-11 14:00,1
2022-7-11 14:15,1
2022-7-11 14:30,1
2022-7-11 14:45,1
2022-7-11 15:00,1
2022-7-12 9:45,1
2022-7-12 10:00,1
2022-7-12 10:15,1
2022-7-12 10:30,1
2022-7-12 10:45,1
2022-7-12 11:00,1
2022-7-12 11:15,1
2022-7-12 11:30,1
2022-7-12 13:15,1
2022-7-12 13:30,1
2022-7-12 13:45,1
2022-7-12 14:00,1
2022-7-12 14:15,1
2022-7-12 14:30,1
2022-7-12 14:45,1
2022-7-12 15:00,1
2022-7-13 9:45,1
2022-7-13 10:00,1
2022-7-13 10:15,1
2022-7-13 10:30,1
2022-7-13 10:45,1
2022-7-13 11:00,1
2022-7-13 11:15,1
2022-7-13 11:30,1
2022-7-13 13:15,1
2022-7-13 13:30,1
2022-7-13 13:45,1
2022-7-13 14:00,1
2022-7-13 14:15,1
2022-7-13 14:30,1
2022-7-13 14:45,1
2022-7-13 15:00,1
2022-7-14 9:45,1
2022-7-14 10:00,1
2022-7-14 10:15,1
2022-7-14 10:30,1
2022-7-14 10:45,1
2022-7-14 11:00,1
2022-7-14 11:15,1
2022-7-14 11:30,1
2022-7-14 13:15,1
2022-7-14 13:30,1
2022-7-14 13:45,1
2022-7-14 14:00,1
2022-7-14 14:15,1
2022-7-14 14:30,1
2022-7-14 14:45,1
2022-7-14 15:00,1
2022-7-15 9:45,1
2022-7-15 10:00,1
2022-7-15 10:15,1
2022-7-15 10:30,1
2022-7-15 10:45,1
2022-7-15 11:00,1
2022-7-15 11:15,1
2022-7-15 11:30,1
2022-7-15 13:15,1
2022-7-15 13:30,1
2022-7-15 13:45,1
2022-7-15 14:00,1
2022-7-15 14:15,1
2022-7-15 14:30,1
2022-7-15 14:45,1
2022-7-15 15:00,1
2022-7-18 9:45,1
2022-7-18 10:00,1
2022-7-18 10:15,1
2022-7-18 10:30,1
2022-7-18 10:45,1
2022-7-18 11:00,1
2022-7-18 11:15,1
2022-7-18 11:30,1
2022-7-18 13:15,1
2022-7-18 13:30,1
2022-7-18 13:45,1
2022-7-18 14:00,1
2022-7-18 14:15,1
2022-7-18 14:30,1
2022-7-18 14:45,1
2022-7-18 15:00,1
2022-7-19 9:45,1
2022-7-19 10:00,1
2022-7-19 10:15,1
2022-7-19 10:30,1
2022-7-19 10:45,1
2022-7-19 11:00,1
2022-7-19 11:15,1
2022-7-19 11:30,1
2022-7-19 13:15,1
2022-7-19 13:30,1
2022-7-19 13:45,1
2022-7-19 14:00,1
2022-7-19 14:15,1
2022-7-19 14:30,1
2022-7-19 14:45,1
2022-7-19 15:00,1
2022-7-20 9:45,1
2022-7-20 10:00,1
2022-7-20 10:15,1
2022-7-20 10:30,1
2022-7-20 10:45,1
2022-7-20 11:00,1
2022-7-20 11:15,1
2022-7-20 11:30,1
2022-7-20 13:15,1
2022-7-20 13:30,1
2022-7-20 13:45,1
2022-7-20 14:00,1
2022-7-20 14:15,1
2022-7-20 14:30,1
2022-7-20 14:45,1
2022-7-20 15:00,1
2022-7-21 9:45,1
2022-7-21 10:00,1
2022-7-21 10:15,1
2022-7-21 10:30,1
2022-7-21 10:45,1
2022-7-21 11:00,1
2022-7-21 11:15,1
2022-7-21 11:30,1
2022-7-21 13:15,1
2022-7-21 13:30,1
2022-7-21 13:45,1
2022-7-21 14:00,1
2022-7-21 14:15,1
2022-7-21 14:30,1
2022-7-21 14:45,1
2022-7-21 15:00,1
2022-7-22 9:45,1
2022-7-22 10:00,1
2022-7-22 10:15,1
2022-7-22 10:30,1
2022-7-22 10:45,1
2022-7-22 11:00,1
2022-7-22 11:15,1
2022-7-22 11:30,1
2022-7-22 13:15,1
2022-7-22 13:30,1
2022-7-22 13:45,1
2022-7-22 14:00,1
2022-7-22 14:15,1
2022-7-22 14:30,1
2022-7-22 14:45,1
2022-7-22 15:00,1
2022-7-25 9:45,1
2022-7-25 10:00,1
2022-7-25 10:15,1
2022-7-25 10:30,1
2022-7-25 10:45,1
2022-7-25 11:00,1
2022-7-25 11:15,1
2022-7-25 11:30,1
2022-7-25 13:15,1
2022-7-25 13:30,1
2022-7-25 13:45,1
2022-7-25 14:00,1
2022-7-25 14:15,1
2022-7-25 14:30,1
2022-7-25 14:45,1
2022-7-25 15:00,1
2022-7-26 9:45,1
2022-7-26 10:00,1
2022-7-26 10:15,1
2022-7-26 10:30,1
2022-7-26 10:45,1
2022-7-26 11:00,1
2022-7-26 11:15,1
2022-7-26 11:30,1
2022-7-26 13:15,1
2022-7-26 13:30,1
2022-7-26 13:45,1
2022-7-26 14:00,1
2022-7-26 14:15,1
2022-7-26 14:30,1
2022-7-26 14:45,1
2022-7-26 15:00,1
2022-7-27 9:45,1
2022-7-27 10:00,1
2022-7-27 10:15,1
2022-7-27 10:30,1
2022-7-27 10:45,1
2022-7-27 11:00,1
2022-7-27 11:15,1
2022-7-27 11:30,1
2022-7-27 13:15,1
2022-7-27 13:30,1
2022-7-27 13:45,1
2022-7-27 14:00,1
2022-7-27 14:15,1
2022-7-27 14:30,1
2022-7-27 14:45,1
2022-7-27 15:00,1
2022-7-28 9:45,1
2022-7-28 10:00,1
2022-7-28 10:15,1
2022-7-28 10:30,1
2022-7-28 10:45,1
2022-7-28 11:00,1
2022-7-28 11:15,1
2022-7-28 11:30,1
2022-7-28 13:15,1
2022-7-28 13:30,1
2022-7-28 13:45,1
2022-7-28 14:00,1
2022-7-28 14:15,1
2022-7-28 14:30,1
2022-7-28 14:45,1
2022-7-28 15:00,1
2022-7-29 9:45,1
2022-7-29 10:00,1
2022-7-29 10:15,1
2022-7-29 10:30,1
2022-7-29 10:45,1
2022-7-29 11:00,1
2022-7-29 11:15,1
2022-7-29 11:30,1
2022-7-29 13:15,1
2022-7-29 13:30,1
2022-7-29 13:45,1
2022-7-29 14:00,1
2022-7-29 14:15,1
2022-7-29 14:30,1
2022-7-29 14:45,1
2022-7-29 15:00,1
2022-8-1 9:45,1
2022-8-1 10:00,1
2022-8-1 10:15,1
2022-8-1 10:30,1
2022-8-1 10:45,1
2022-8-1 11:00,1
2022-8-1 11:15,1
2022-8-1 11:30,1
2022-8-1 13:15,1
2022-8-1 13:30,1
2022-8-1 13:45,1
2022-8-1 14:00,1
2022-8-1 14:15,1
2022-8-1 14:30,1
2022-8-1 14:45,1
2022-8-1 15:00,1
2022-8-2 9:45,1
2022-8-2 10:00,1
2022-8-2 10:15,1
2022-8-2 10:30,1
2022-8-2 10:45,1
2022-8-2 11:00,1
2022-8-2 11:15,1
2022-8-2 11:30,1
2022-8-2 13:15,1
2022-8-2 13:30,1
2022-8-2 13:45,1
2022-8-2 14:00,1
2022-8-2 14:15,1
2022-8-2 14:30,1
2022-8-2 14:45,1
2022-8-2 15:00,1
2022-8-3 9:45,1
2022-8-3 10:00,1
2022-8-3 10:15,1
2022-8-3 10:30,1
2022-8-3 10:45,1
2022-8-3 11:00,1
2022-8-3 11:15,1
2022-8-3 11:30,1
2022-8-3 13:15,1
2022-8-3 13:30,1
2022-8-3 13:45,1
2022-8-3 14:00,1
2022-8-3 14:15,1
2022-8-3 14:30,1
2022-8-3 14:45,1
2022-8-3 15:00,1
2022-8-4 9:45,1
2022-8-4 10:00,1
2022-8-4 10:15,1
2022-8-4 10:30,1
2022-8-4 10:45,1
2022-8-4 11:00,1
2022-8-4 11:15,1
2022-8-4 11:30,1
2022-8-4 13:15,1
2022-8-4 13:30,1
2022-8-4 13:45,1
2022-8-4 14:00,1
2022-8-4 14:15,1
2022-8-4 14:30,1
2022-8-4 14:45,1
2022-8-4 15:00,1
2022-8-5 9:45,1
2022-8-5 10:00,1
2022-8-5 10:15,1
2022-8-5 10:30,1
2022-8-5 10:45,1
2022-8-5 11:00,1
2022-8-5 11:15,1
2022-8-5 11:30,1
2022-8-5 13:15,1
2022-8-5 13:30,1
2022-8-5 13:45,1
2022-8-5 14:00,1
2022-8-5 14:15,1
2022-8-5 14:30,1
2022-8-5 14:45,1
2022-8-5 15:00,1
2022-8-8 9:45,1
2022-8-8 10:00,1
2022-8-8 10:15,1
2022-8-8 10:30,1
2022-8-8 10:45,1
2022-8-8 11:00,1
2022-8-8 11:15,1
2022-8-8 11:30,1
2022-8-8 13:15,1
2022-8-8 13:30,1
2022-8-8 13:45,1
2022-8-8 14:00,1
2022-8-8 14:15,1
2022-8-8 14:30,1
2022-8-8 14:45,1
2022-8-8 15:00,1
2022-8-9 9:45,1
2022-8-9 10:00,1
2022-8-9 10:15,1
2022-8-9 10:30,1
2022-8-9 10:45,1
2022-8-9 11:00,1
2022-8-9 11:15,1
2022-8-9 11:30,1
2022-8-9 13:15,1
2022-8-9 13:30,1
2022-8-9 13:45,1
2022-8-9 14:00,1
2022-8-9 14:15,1
2022-8-9 14:30,1
2022-8-9 14:45,1
2022-8-9 15:00,1
2022-8-10 9:45,1
2022-8-10 10:00,1
2022-8-10 10:15,1
2022-8-10 10:30,1
2022-8-10 10:45,1
2022-8-10 11:00,1
2022-8-10 11:15,1
2022-8-10 11:30,1
2022-8-10 13:15,1
2022-8-10 13:30,1
2022-8-10 13:45,1
2022-8-10 14:00,1
2022-8-10 14:15,1
2022-8-10 14:30,1
2022-8-10 14:45,1
2022-8-10 15:00,1
2022-8-11 9:45,1
2022-8-11 10:00,1
2022-8-11 10:15,1
2022-8-11 10:30,1
2022-8-11 10:45,1
2022-8-11 11:00,1
2022-8-11 11:15,1
2022-8-11 11:30,1
2022-8-11 13:15,1
2022-8-11 13:30,1
2022-8-11 13:45,1
2022-8-11 14:00,1
2022-8-11 14:15,1
2022-8-11 14:30,1
2022-8-11 14:45,1
2022-8-11 15:00,1
2022-8-12 9:45,1
2022-8-12 10:00,1
2022-8-12 10:15,1
2022-8-12 10:30,1
2022-8-12 10:45,1
2022-8-12 11:00,1
2022-8-12 11:15,1
2022-8-12 11:30,1
2022-8-12 13:15,1
2022-8-12 13:30,1
2022-8-12 13:45,1
2022-8-12 14:00,1
2022-8-12 14:15,1
2022-8-12 14:30,1
2022-8-12 14:45,1
2022-8-12 15:00,1
2022-8-15 9:45,1
2022-8-15 10:00,1
2022-8-15 10:15,1
2022-8-15 10:30,1
2022-8-15 10:45,1
2022-8-15 11:00,1
2022-8-15 11:15,1
2022-8-15 11:30,1
2022-8-15 13:15,1
2022-8-15 13:30,1
2022-8-15 13:45,1
2022-8-15 14:00,1
2022-8-15 14:15,1
2022-8-15 14:30,1
2022-8-15 14:45,1
2022-8-15 15:00,1
2022-8-16 9:45,1
2022-8-16 10:00,1
2022-8-16 10:15,1
2022-8-16 10:30,1
2022-8-16 10:45,1
2022-8-16 11:00,1
2022-8-16 11:15,1
2022-8-16 11:30,1
2022-8-16 13:15,1
2022-8-16 13:30,1
2022-8-16 13:45,1
2022-8-16 14:00,1
2022-8-16 14:15,1
2022-8-16 14:30,1
2022-8-16 14:45,1
2022-8-16 15:00,1
2022-8-17 9:45,1
2022-8-17 10:00,1
2022-8-17 10:15,1
2022-8-17 10:30,1
2022-8-17 10:45,1
2022-8-17 11:00,1
2022-8-17 11:15,1
2022-8-17 11:30,1
2022-8-17 13:15,1
2022-8-17 13:30,1
2022-8-17 13:45,1
2022-8-17 14:00,1
2022-8-17 14:15,1
2022-8-17 14:30,1
2022-8-17 14:45,1
2022-8-17 15:00,1
2022-8-18 9:45,1
2022-8-18 10:00,1
2022-8-18 10:15,1
2022-8-18 10:30,1
2022-8-18 10:45,1
2022-8-18 11:00,1
2022-8-18 11:15,1
2022-8-18 11:30,1
2022-8-18 13:15,1
2022-8-18 13:30,1
2022-8-18 13:45,1
2022-8-18 14:00,1
2022-8-18 14:15,1
2022-8-18 14:30,1
2022-8-18 14:45,1
2022-8-18 15:00,1
2022-8-19 9:45,1
2022-8-19 10:00,1
2022-8-19 10:15,1
2022-8-19 10:30,1
2022-8-19 10:45,1
2022-8-19 11:00,1
2022-8-19 11:15,1
2022-8-19 11:30,1
2022-8-19 13:15,1
2022-8-19 13:30,1
2022-8-19 13:45,1
2022-8-19 14:00,1
2022-8-19 14:15,1
2022-8-19 14:30,1
2022-8-19 14:45,1
2022-8-19 15:00,1
2022-8-22 9:45,1
2022-8-22 10:00,1
2022-8-22 10:15,1
2022-8-22 10:30,1
2022-8-22 10:45,1
2022-8-22 11:00,1
2022-8-22 11:15,1
2022-8-22 11:30,1
2022-8-22 13:15,1
2022-8-22 13:30,1
2022-8-22 13:45,1
2022-8-22 14:00,1
2022-8-22 14:15,1
2022-8-22 14:30,1
2022-8-22 14:45,1
2022-8-22 15:00,1
2022-8-23 9:45,1
2022-8-23 10:00,1
2022-8-23 10:15,1
2022-8-23 10:30,1
2022-8-23 10:45,1
2022-8-23 11:00,1
2022-8-23 11:15,1
2022-8-23 11:30,1
2022-8-23 13:15,1
2022-8-23 13:30,1
2022-8-23 13:45,1
2022-8-23 14:00,1
2022-8-23 14:15,1
2022-8-23 14:30,1
2022-8-23 14:45,1
2022-8-23 15:00,1
2022-8-24 9:45,1
2022-8-24 10:00,1
2022-8-24 10:15,1
2022-8-24 10:30,1
2022-8-24 10:45,1
2022-8-24 11:00,1
2022-8-24 11:15,1
2022-8-24 11:30,1
2022-8-24 13:15,1
2022-8-24 13:30,1
2022-8-24 13:45,1
2022-8-24 14:00,1
2022-8-24 14:15,1
2022-8-24 14:30,1
2022-8-24 14:45,1
2022-8-24 15:00,1
2022-8-25 9:45,1
2022-8-25 10:00,1
2022-8-25 10:15,1
2022-8-25 10:30,1
2022-8-25 10:45,1
2022-8-25 11:00,1
2022-8-25 11:15,1
2022-8-25 11:30,1
2022-8-25 13:15,1
2022-8-25 13:30,1
2022-8-25 13:45,1
2022-8-25 14:00,1
2022-8-25 14:15,1
2022-8-25 14:30,1
2022-8-25 14:45,1
2022-8-25 15:00,1
2022-8-26 9:45,1
2022-8-26 10:00,1
2022-8-26 10:15,1
2022-8-26 10:30,1
2022-8-26 10:45,1
2022-8-26 11:00,1
2022-8-26 11:15,1
2022-8-26 11:30,1
2022-8-26 13:15,1
2022-8-26 13:30,1
2022-8-26 13:45,1
2022-8-26 14:00,1
2022-8-26 14:15,1
2022-8-26 14:30,1
2022-8-26 14:45,1
2022-8-26 15:00,1
2022-8-29 9:45,1
2022-8-29 10:00,1
2022-8-29 10:15,1
2022-8-29 10:30,1
2022-8-29 10:45,1
2022-8-29 11:00,1
2022-8-29 11:15,1
2022-8-29 11:30,1
2022-8-29 13:15,1
2022-8-29 13:30,1
2022-8-29 13:45,1
2022-8-29 14:00,1
2022-8-29 14:15,1
2022-8-29 14:30,1
2022-8-29 14:45,1
2022-8-29 15:00,1
2022-8-30 9:45,1
2022-8-30 10:00,1
2022-8-30 10:15,1
2022-8-30 10:30,1
2022-8-30 10:45,1
2022-8-30 11:00,1
2022-8-30 11:15,1
2022-8-30 11:30,1
2022-8-30 13:15,1
2022-8-30 13:30,1
2022-8-30 13:45,1
2022-8-30 14:00,1
2022-8-30 14:15,1
2022-8-30 14:30,1
2022-8-30 14:45,1
2022-8-30 15:00,1
2022-8-31 9:45,1
2022-8-31 10:00,1
2022-8-31 10:15,1
2022-8-31 10:30,1
2022-8-31 10:45,1
2022-8-31 11:00,1
2022-8-31 11:15,1
2022-8-31 11:30,1
2022-8-31 13:15,1
2022-8-31 13:30,1
2022-8-31 13:45,1
2022-8-31 14:00,1
2022-8-31 14:15,1
2022-8-31 14:30,1
2022-8-31 14:45,1
2022-8-31 15:00,1
2022-9-1 9:45,1
2022-9-1 10:00,1
2022-9-1 10:15,1
2022-9-1 10:30,1
2022-9-1 10:45,1
2022-9-1 11:00,1
2022-9-1 11:15,1
2022-9-1 11:30,1
2022-9-1 13:15,1
2022-9-1 13:30,1
2022-9-1 13:45,1
2022-9-1 14:00,1
2022-9-1 14:15,1
2022-9-1 14:30,1
2022-9-1 14:45,1
2022-9-1 15:00,1
2022-9-2 9:45,1
2022-9-2 10:00,1
2022-9-2 10:15,1
2022-9-2 10:30,1
2022-9-2 10:45,1
2022-9-2 11:00,1
2022-9-2 11:15,1
2022-9-2 11:30,1
2022-9-2 13:15,1
2022-9-2 13:30,1
2022-9-2 13:45,1
2022-9-2 14:00,1
2022-9-2 14:15,1
2022-9-2 14:30,1
2022-9-2 14:45,1
2022-9-2 15:00,1
2022-9-5 9:45,1
2022-9-5 10:00,1
2022-9-5 10:15,1
2022-9-5 10:30,1
2022-9-5 10:45,1
2022-9-5 11:00,1
2022-9-5 11:15,1
2022-9-5 11:30,1
2022-9-5 13:15,1
2022-9-5 13:30,1
2022-9-5 13:45,1
2022-9-5 14:00,1
2022-9-5 14:15,1
2022-9-5 14:30,1
2022-9-5 14:45,1
2022-9-5 15:00,1
2022-9-6 9:45,1
2022-9-6 10:00,1
2022-9-6 10:15,1
2022-9-6 10:30,1
2022-9-6 10:45,1
2022-9-6 11:00,1
2022-9-6 11:15,1
2022-9-6 11:30,1
2022-9-6 13:15,1
2022-9-6 13:30,1
2022-9-6 13:45,1
2022-9-6 14:00,1
2022-9-6 14:15,1
2022-9-6 14:30,1
2022-9-6 14:45,1
2022-9-6 15:00,1
2022-9-7 9:45,1
2022-9-7 10:00,1
2022-9-7 10:15,1
2022-9-7 10:30,1
2022-9-7 10:45,1
2022-9-7 11:00,1
2022-9-7 11:15,1
2022-9-7 11:30,1
2022-9-7 13:15,1
2022-9-7 13:30,1
2022-9-7 13:45,1
2022-9-7 14:00,1
2022-9-7 14:15,1
2022-9-7 14:30,1
2022-9-7 14:45,1
2022-9-7 15:00,1
2022-9-8 9:45,1
2022-9-8 10:00,1
2022-9-8 10:15,1
2022-9-8 10:30,1
2022-9-8 10:45,1
2022-9-8 11:00,1
2022-9-8 11:15,1
2022-9-8 11:30,1
2022-9-8 13:15,1
2022-9-8 13:30,1
2022-9-8 13:45,1
2022-9-8 14:00,1
2022-9-8 14:15,1
2022-9-8 14:30,1
2022-9-8 14:45,1
2022-9-8 15:00,1
2022-9-9 9:45,1
2022-9-9 10:00,1
2022-9-9 10:15,1
2022-9-9 10:30,1
2022-9-9 10:45,1
2022-9-9 11:00,1
2022-9-9 11:15,1
2022-9-9 11:30,1
2022-9-9 13:15,1
2022-9-9 13:30,1
2022-9-9 13:45,1
2022-9-9 14:00,1
2022-9-9 14:15,1
2022-9-9 14:30,1
2022-9-9 14:45,1
2022-9-9 15:00,1
2022-9-13 9:45,1
2022-9-13 10:00,1
2022-9-13 10:15,1
2022-9-13 10:30,1
2022-9-13 10:45,1
2022-9-13 11:00,1
2022-9-13 11:15,1
2022-9-13 11:30,1
2022-9-13 13:15,1
2022-9-13 13:30,1
2022-9-13 13:45,1
2022-9-13 14:00,1
2022-9-13 14:15,1
2022-9-13 14:30,1
2022-9-13 14:45,1
2022-9-13 15:00,1
2022-9-14 9:45,1
2022-9-14 10:00,1
2022-9-14 10:15,1
2022-9-14 10:30,1
2022-9-14 10:45,1
2022-9-14 11:00,1
2022-9-14 11:15,1
2022-9-14 11:30,1
2022-9-14 13:15,1
2022-9-14 13:30,1
2022-9-14 13:45,1
2022-9-14 14:00,1
2022-9-14 14:15,1
2022-9-14 14:30,1
2022-9-14 14:45,1
2022-9-14 15:00,1
2022-9-15 9:45,1
2022-9-15 10:00,1
2022-9-15 10:15,1
2022-9-15 10:30,1
2022-9-15 10:45,1
2022-9-15 11:00,1
2022-9-15 11:15,1
2022-9-15 11:30,1
2022-9-15 13:15,1
2022-9-15 13:30,1
2022-9-15 13:45,1
2022-9-15 14:00,1
2022-9-15 14:15,1
2022-9-15 14:30,1
2022-9-15 14:45,1
2022-9-15 15:00,1
2022-9-16 9:45,1
2022-9-16 10:00,1
2022-9-16 10:15,1
2022-9-16 10:30,1
2022-9-16 10:45,1
2022-9-16 11:00,1
2022-9-16 11:15,1
2022-9-16 11:30,1
2022-9-16 13:15,1
2022-9-16 13:30,1
2022-9-16 13:45,1
2022-9-16 14:00,1
2022-9-16 14:15,1
2022-9-16 14:30,1
2022-9-16 14:45,1
2022-9-16 15:00,1
2022-9-19 9:45,1
2022-9-19 10:00,1
2022-9-19 10:15,1
2022-9-19 10:30,1
2022-9-19 10:45,1
2022-9-19 11:00,1
2022-9-19 11:15,1
2022-9-19 11:30,1
2022-9-19 13:15,1
2022-9-19 13:30,1
2022-9-19 13:45,1
2022-9-19 14:00,1
2022-9-19 14:15,1
2022-9-19 14:30,1
2022-9-19 14:45,1
2022-9-19 15:00,1
2022-9-20 9:45,1
2022-9-20 10:00,1
2022-9-20 10:15,1
2022-9-20 10:30,1
2022-9-20 10:45,1
2022-9-20 11:00,1
2022-9-20 11:15,1
2022-9-20 11:30,1
2022-9-20 13:15,1
2022-9-20 13:30,1
2022-9-20 13:45,1
2022-9-20 14:00,1
2022-9-20 14:15,1
2022-9-20 14:30,1
2022-9-20 14:45,1
2022-9-20 15:00,1
2022-9-21 9:45,1
2022-9-21 10:00,1
2022-9-21 10:15,1
2022-9-21 10:30,1
2022-9-21 10:45,1
2022-9-21 11:00,1
2022-9-21 11:15,1
2022-9-21 11:30,1
2022-9-21 13:15,1
2022-9-21 13:30,1
2022-9-21 13:45,1
2022-9-21 14:00,1
2022-9-21 14:15,1
2022-9-21 14:30,1
2022-9-21 14:45,1
2022-9-21 15:00,1
2022-9-22 9:45,1
2022-9-22 10:00,1
2022-9-22 10:15,1
2022-9-22 10:30,1
2022-9-22 10:45,1
2022-9-22 11:00,1
2022-9-22 11:15,1
2022-9-22 11:30,1
2022-9-22 13:15,1
2022-9-22 13:30,1
2022-9-22 13:45,1
2022-9-22 14:00,1
2022-9-22 14:15,1
2022-9-22 14:30,1
2022-9-22 14:45,1
2022-9-22 15:00,1
2022-9-23 9:45,1
2022-9-23 10:00,1
2022-9-23 10:15,1
2022-9-23 10:30,1
2022-9-23 10:45,1
2022-9-23 11:00,1
2022-9-23 11:15,1
2022-9-23 11:30,1
2022-9-23 13:15,1
2022-9-23 13:30,1
2022-9-23 13:45,1
2022-9-23 14:00,1
2022-9-23 14:15,1
2022-9-23 14:30,1
2022-9-23 14:45,1
2022-9-23 15:00,1
2022-9-26 9:45,1
2022-9-26 10:00,1
2022-9-26 10:15,1
2022-9-26 10:30,1
2022-9-26 10:45,1
2022-9-26 11:00,1
2022-9-26 11:15,1
2022-9-26 11:30,1
2022-9-26 13:15,1
2022-9-26 13:30,1
2022-9-26 13:45,1
2022-9-26 14:00,1
2022-9-26 14:15,1
2022-9-26 14:30,1
2022-9-26 14:45,1
2022-9-26 15:00,1
2022-9-27 9:45,1
2022-9-27 10:00,1
2022-9-27 10:15,1
2022-9-27 10:30,1
2022-9-27 10:45,1
2022-9-27 11:00,1
2022-9-27 11:15,1
2022-9-27 11:30,1
2022-9-27 13:15,1
2022-9-27 13:30,1
2022-9-27 13:45,1
2022-9-27 14:00,1
2022-9-27 14:15,1
2022-9-27 14:30,1
2022-9-27 14:45,1
2022-9-27 15:00,1
2022-9-28 9:45,1
2022-9-28 10:00,1
2022-9-28 10:15,1
2022-9-28 10:30,1
2022-9-28 10:45,1
2022-9-28 11:00,1
2022-9-28 11:15,1
2022-9-28 11:30,1
2022-9-28 13:15,1
2022-9-28 13:30,1
2022-9-28 13:45,1
2022-9-28 14:00,1
2022-9-28 14:15,1
2022-9-28 14:30,1
2022-9-28 14:45,1
2022-9-28 15:00,1
2022-9-29 9:45,1
2022-9-29 10:00,1
2022-9-29 10:15,1
2022-9-29 10:30,1
2022-9-29 10:45,1
2022-9-29 11:00,1
2022-9-29 11:15,1
2022-9-29 11:30,1
2022-9-29 13:15,1
2022-9-29 13:30,1
2022-9-29 13:45,1
2022-9-29 14:00,1
2022-9-29 14:15,1
2022-9-29 14:30,1
2022-9-29 14:45,1
2022-9-29 15:00,1
2022-9-30 9:45,1
2022-9-30 10:00,1
2022-9-30 10:15,1
2022-9-30 10:30,1
2022-9-30 10:45,1
2022-9-30 11:00,1
2022-9-30 11:15,1
2022-9-30 11:30,1
2022-9-30 13:15,1
2022-9-30 13:30,1
2022-9-30 13:45,1
2022-9-30 14:00,1
2022-9-30 14:15,1
2022-9-30 14:30,1
2022-9-30 14:45,1
2022-9-30 15:00,1
2022-10-10 9:45,1
2022-10-10 10:00,1
2022-10-10 10:15,1
2022-10-10 10:30,1
2022-10-10 10:45,1
2022-10-10 11:00,1
2022-10-10 11:15,1
2022-10-10 11:30,1
2022-10-10 13:15,1
2022-10-10 13:30,1
2022-10-10 13:45,1
2022-10-10 14:00,1
2022-10-10 14:15,1
2022-10-10 14:30,1
2022-10-10 14:45,1
2022-10-10 15:00,1
2022-10-11 9:45,1
2022-10-11 10:00,1
2022-10-11 10:15,1
2022-10-11 10:30,1
2022-10-11 10:45,1
2022-10-11 11:00,1
2022-10-11 11:15,1
2022-10-11 11:30,1
2022-10-11 13:15,1
2022-10-11 13:30,1
2022-10-11 13:45,1
2022-10-11 14:00,1
2022-10-11 14:15,1
2022-10-11 14:30,1
2022-10-11 14:45,1
2022-10-11 15:00,1
2022-10-12 9:45,1
2022-10-12 10:00,1
2022-10-12 10:15,1
2022-10-12 10:30,1
2022-10-12 10:45,1
2022-10-12 11:00,1
2022-10-12 11:15,1
2022-10-12 11:30,1
2022-10-12 13:15,1
2022-10-12 13:30,1
2022-10-12 13:45,1
2022-10-12 14:00,1
2022-10-12 14:15,1
2022-10-12 14:30,1
2022-10-12 14:45,1
2022-10-12 15:00,1
2022-10-13 9:45,1
2022-10-13 10:00,1
2022-10-13 10:15,1
2022-10-13 10:30,1
2022-10-13 10:45,1
2022-10-13 11:00,1
2022-10-13 11:15,1
2022-10-13 11:30,1
2022-10-13 13:15,1
2022-10-13 13:30,1
2022-10-13 13:45,1
2022-10-13 14:00,1
2022-10-13 14:15,1
2022-10-13 14:30,1
2022-10-13 14:45,1
2022-10-13 15:00,1
2022-10-14 9:45,1
2022-10-14 10:00,1
2022-10-14 10:15,1
2022-10-14 10:30,1
2022-10-14 10:45,1
2022-10-14 11:00,1
2022-10-14 11:15,1
2022-10-14 11:30,1
2022-10-14 13:15,1
2022-10-14 13:30,1
2022-10-14 13:45,1
2022-10-14 14:00,1
2022-10-14 14:15,1
2022-10-14 14:30,1
2022-10-14 14:45,1
2022-10-14 15:00,1
2022-10-17 9:45,1
2022-10-17 10:00,1
2022-10-17 10:15,1
2022-10-17 10:30,1
2022-10-17 10:45,1
2022-10-17 11:00,1
2022-10-17 11:15,1
2022-10-17 11:30,1
2022-10-17 13:15,1
2022-10-17 13:30,1
2022-10-17 13:45,1
2022-10-17 14:00,1
2022-10-17 14:15,1
2022-10-17 14:30,1
2022-10-17 14:45,1
2022-10-17 15:00,1
2022-10-18 9:45,1
2022-10-18 10:00,1
2022-10-18 10:15,1
2022-10-18 10:30,1
2022-10-18 10:45,1
2022-10-18 11:00,1
2022-10-18 11:15,1
2022-10-18 11:30,1
2022-10-18 13:15,1
2022-10-18 13:30,1
2022-10-18 13:45,1
2022-10-18 14:00,1
2022-10-18 14:15,1
2022-10-18 14:30,1
2022-10-18 14:45,1
2022-10-18 15:00,1
2022-10-19 9:45,1
2022-10-19 10:00,1
2022-10-19 10:15,1
2022-10-19 10:30,1
2022-10-19 10:45,1
2022-10-19 11:00,1
2022-10-19 11:15,1
2022-10-19 11:30,1
2022-10-19 13:15,1
2022-10-19 13:30,1
2022-10-19 13:45,1
2022-10-19 14:00,1
2022-10-19 14:15,1
2022-10-19 14:30,1
2022-10-19 14:45,1
2022-10-19 15:00,1
2022-10-20 9:45,1
2022-10-20 10:00,1
2022-10-20 10:15,1
2022-10-20 10:30,1
2022-10-20 10:45,1
2022-10-20 11:00,1
2022-10-20 11:15,1
2022-10-20 11:30,1
2022-10-20 13:15,1
2022-10-20 13:30,1
2022-10-20 13:45,1
2022-10-20 14:00,1
2022-10-20 14:15,1
2022-10-20 14:30,1
2022-10-20 14:45,1
2022-10-20 15:00,1
2022-10-21 9:45,1
2022-10-21 10:00,1
2022-10-21 10:15,1
2022-10-21 10:30,1
2022-10-21 10:45,1
2022-10-21 11:00,1
2022-10-21 11:15,1
2022-10-21 11:30,1
2022-10-21 13:15,1
2022-10-21 13:30,1
2022-10-21 13:45,1
2022-10-21 14:00,1
2022-10-21 14:15,1
2022-10-21 14:30,1
2022-10-21 14:45,1
2022-10-21 15:00,1
2022-10-24 9:45,1
2022-10-24 10:00,1
2022-10-24 10:15,1
2022-10-24 10:30,1
2022-10-24 10:45,1
2022-10-24 11:00,1
2022-10-24 11:15,1
2022-10-24 11:30,1
2022-10-24 13:15,1
2022-10-24 13:30,1
2022-10-24 13:45,1
2022-10-24 14:00,1
2022-10-24 14:15,1
2022-10-24 14:30,1
2022-10-24 14:45,1
2022-10-24 15:00,1
2022-10-25 9:45,1
2022-10-25 10:00,1
2022-10-25 10:15,1
2022-10-25 10:30,1
2022-10-25 10:45,1
2022-10-25 11:00,1
2022-10-25 11:15,1
2022-10-25 11:30,1
2022-10-25 13:15,1
2022-10-25 13:30,1
2022-10-25 13:45,1
2022-10-25 14:00,1
2022-10-25 14:15,1
2022-10-25 14:30,1
2022-10-25 14:45,1
2022-10-25 15:00,1
2022-10-26 9:45,1
2022-10-26 10:00,1
2022-10-26 10:15,1
2022-10-26 10:30,1
2022-10-26 10:45,1
2022-10-26 11:00,1
2022-10-26 11:15,1
2022-10-26 11:30,1
2022-10-26 13:15,1
2022-10-26 13:30,1
2022-10-26 13:45,1
2022-10-26 14:00,1
2022-10-26 14:15,1
2022-10-26 14:30,1
2022-10-26 14:45,1
2022-10-26 15:00,1
2022-10-27 9:45,1
2022-10-27 10:00,1
2022-10-27 10:15,1
2022-10-27 10:30,1
2022-10-27 10:45,1
2022-10-27 11:00,1
2022-10-27 11:15,1
2022-10-27 11:30,1
2022-10-27 13:15,1
2022-10-27 13:30,1
2022-10-27 13:45,1
2022-10-27 14:00,1
2022-10-27 14:15,1
2022-10-27 14:30,1
2022-10-27 14:45,1
2022-10-27 15:00,1
2022-10-28 9:45,1
2022-10-28 10:00,1
2022-10-28 10:15,1
2022-10-28 10:30,1
2022-10-28 10:45,1
2022-10-28 11:00,1
2022-10-28 11:15,1
2022-10-28 11:30,1
2022-10-28 13:15,1
2022-10-28 13:30,1
2022-10-28 13:45,1
2022-10-28 14:00,1
2022-10-28 14:15,1
2022-10-28 14:30,1
2022-10-28 14:45,1
2022-10-28 15:00,1
2022-10-31 9:45,1
2022-10-31 10:00,1
2022-10-31 10:15,1
2022-10-31 10:30,1
2022-10-31 10:45,1
2022-10-31 11:00,1
2022-10-31 11:15,1
2022-10-31 11:30,1
2022-10-31 13:15,1
2022-10-31 13:30,1
2022-10-31 13:45,1
2022-10-31 14:00,1
2022-10-31 14:15,1
2022-10-31 14:30,1
2022-10-31 14:45,1
2022-10-31 15:00,1
2022-11-1 9:45,1
2022-11-1 10:00,1
2022-11-1 10:15,1
2022-11-1 10:30,1
2022-11-1 10:45,1
2022-11-1 11:00,1
2022-11-1 11:15,1
2022-11-1 11:30,1
2022-11-1 13:15,1
2022-11-1 13:30,1
2022-11-1 13:45,1
2022-11-1 14:00,1
2022-11-1 14:15,1
2022-11-1 14:30,1
2022-11-1 14:45,1
2022-11-1 15:00,1
2022-11-2 9:45,1
2022-11-2 10:00,1
2022-11-2 10:15,1
2022-11-2 10:30,1
2022-11-2 10:45,1
2022-11-2 11:00,1
2022-11-2 11:15,1
2022-11-2 11:30,1
2022-11-2 13:15,1
2022-11-2 13:30,1
2022-11-2 13:45,1
2022-11-2 14:00,1
2022-11-2 14:15,1
2022-11-2 14:30,1
2022-11-2 14:45,1
2022-11-2 15:00,1
2022-11-3 9:45,1
2022-11-3 10:00,1
2022-11-3 10:15,1
2022-11-3 10:30,1
2022-11-3 10:45,1
2022-11-3 11:00,1
2022-11-3 11:15,1
2022-11-3 11:30,1
2022-11-3 13:15,1
2022-11-3 13:30,1
2022-11-3 13:45,1
2022-11-3 14:00,1
2022-11-3 14:15,1
2022-11-3 14:30,1
2022-11-3 14:45,1
2022-11-3 15:00,1
2022-11-4 9:45,1
2022-11-4 10:00,1
2022-11-4 10:15,1
2022-11-4 10:30,1
2022-11-4 10:45,1
2022-11-4 11:00,1
2022-11-4 11:15,1
2022-11-4 11:30,1
2022-11-4 13:15,1
2022-11-4 13:30,1
2022-11-4 13:45,1
2022-11-4 14:00,1
2022-11-4 14:15,1
2022-11-4 14:30,1
2022-11-4 14:45,1
2022-11-4 15:00,1
2022-11-7 9:45,1
2022-11-7 10:00,1
2022-11-7 10:15,1
2022-11-7 10:30,1
2022-11-7 10:45,1
2022-11-7 11:00,1
2022-11-7 11:15,1
2022-11-7 11:30,1
2022-11-7 13:15,1
2022-11-7 13:30,1
2022-11-7 13:45,1
2022-11-7 14:00,1
2022-11-7 14:15,1
2022-11-7 14:30,1
2022-11-7 14:45,1
2022-11-7 15:00,1
2022-11-8 9:45,1
2022-11-8 10:00,1
2022-11-8 10:15,1
2022-11-8 10:30,1
2022-11-8 10:45,1
2022-11-8 11:00,1
2022-11-8 11:15,1
2022-11-8 11:30,1
2022-11-8 13:15,1
2022-11-8 13:30,1
2022-11-8 13:45,1
2022-11-8 14:00,1
2022-11-8 14:15,1
2022-11-8 14:30,1
2022-11-8 14:45,1
2022-11-8 15:00,1
2022-11-9 9:45,1
2022-11-9 10:00,1
2022-11-9 10:15,1
2022-11-9 10:30,1
2022-11-9 10:45,1
2022-11-9 11:00,1
2022-11-9 11:15,1
2022-11-9 11:30,1
2022-11-9 13:15,1
2022-11-9 13:30,1
2022-11-9 13:45,1
2022-11-9 14:00,1
2022-11-9 14:15,1
2022-11-9 14:30,1
2022-11-9 14:45,1
2022-11-9 15:00,1
2022-11-10 9:45,1
2022-11-10 10:00,1
2022-11-10 10:15,1
2022-11-10 10:30,1
2022-11-10 10:45,1
2022-11-10 11:00,1
2022-11-10 11:15,1
2022-11-10 11:30,1
2022-11-10 13:15,1
2022-11-10 13:30,1
2022-11-10 13:45,1
2022-11-10 14:00,1
2022-11-10 14:15,1
2022-11-10 14:30,1
2022-11-10 14:45,1
2022-11-10 15:00,1
2022-11-11 9:45,1
2022-11-11 10:00,1
2022-11-11 10:15,1
2022-11-11 10:30,1
2022-11-11 10:45,1
2022-11-11 11:00,1
2022-11-11 11:15,1
2022-11-11 11:30,1
2022-11-11 13:15,1
2022-11-11 13:30,1
2022-11-11 13:45,1
2022-11-11 14:00,1
2022-11-11 14:15,1
2022-11-11 14:30,1
2022-11-11 14:45,1
2022-11-11 15:00,1
2022-11-14 9:45,1
2022-11-14 10:00,1
2022-11-14 10:15,1
2022-11-14 10:30,1
2022-11-14 10:45,1
2022-11-14 11:00,1
2022-11-14 11:15,1
2022-11-14 11:30,1
2022-11-14 13:15,1
2022-11-14 13:30,1
2022-11-14 13:45,1
2022-11-14 14:00,1
2022-11-14 14:15,1
2022-11-14 14:30,1
2022-11-14 14:45,1
2022-11-14 15:00,1
2022-11-15 9:45,1
2022-11-15 10:00,1
2022-11-15 10:15,1
2022-11-15 10:30,1
2022-11-15 10:45,1
2022-11-15 11:00,1
2022-11-15 11:15,1
2022-11-15 11:30,1
2022-11-15 13:15,1
2022-11-15 13:30,1
2022-11-15 13:45,1
2022-11-15 14:00,1
2022-11-15 14:15,1
2022-11-15 14:30,1
2022-11-15 14:45,1
2022-11-15 15:00,1
2022-11-16 9:45,1
2022-11-16 10:00,1
2022-11-16 10:15,1
2022-11-16 10:30,1
2022-11-16 10:45,1
2022-11-16 11:00,1
2022-11-16 11:15,1
2022-11-16 11:30,1
2022-11-16 13:15,1
2022-11-16 13:30,1
2022-11-16 13:45,1
2022-11-16 14:00,1
2022-11-16 14:15,1
2022-11-16 14:30,1
2022-11-16 14:45,1
2022-11-16 15:00,1
2022-11-17 9:45,1
2022-11-17 10:00,1
2022-11-17 10:15,1
2022-11-17 10:30,1
2022-11-17 10:45,1
2022-11-17 11:00,1
2022-11-17 11:15,1
2022-11-17 11:30,1
2022-11-17 13:15,1
2022-11-17 13:30,1
2022-11-17 13:45,1
2022-11-17 14:00,1
2022-11-17 14:15,1
2022-11-17 14:30,1
2022-11-17 14:45,1
2022-11-17 15:00,1
2022-11-18 9:45,1
2022-11-18 10:00,1
2022-11-18 10:15,1
2022-11-18 10:30,1
2022-11-18 10:45,1
2022-11-18 11:00,1
2022-11-18 11:15,1
2022-11-18 11:30,1
2022-11-18 13:15,1
2022-11-18 13:30,1
2022-11-18 13:45,1
2022-11-18 14:00,1
2022-11-18 14:15,1
2022-11-18 14:30,1
2022-11-18 14:45,1
2022-11-18 15:00,1
2022-11-21 9:45,1
2022-11-21 10:00,1
2022-11-21 10:15,1
2022-11-21 10:30,1
2022-11-21 10:45,1
2022-11-21 11:00,1
2022-11-21 11:15,1
2022-11-21 11:30,1
2022-11-21 13:15,1
2022-11-21 13:30,1
2022-11-21 13:45,1
2022-11-21 14:00,1
2022-11-21 14:15,1
2022-11-21 14:30,1
2022-11-21 14:45,1
2022-11-21 15:00,1
2022-11-22 9:45,1
2022-11-22 10:00,1
2022-11-22 10:15,1
2022-11-22 10:30,1
2022-11-22 10:45,1
2022-11-22 11:00,1
2022-11-22 11:15,1
2022-11-22 11:30,1
2022-11-22 13:15,1
2022-11-22 13:30,1
2022-11-22 13:45,1
2022-11-22 14:00,1
2022-11-22 14:15,1
2022-11-22 14:30,1
2022-11-22 14:45,1
2022-11-22 15:00,1
2022-11-23 9:45,1
2022-11-23 10:00,1
2022-11-23 10:15,1
2022-11-23 10:30,1
2022-11-23 10:45,1
2022-11-23 11:00,1
2022-11-23 11:15,1
2022-11-23 11:30,1
2022-11-23 13:15,1
2022-11-23 13:30,1
2022-11-23 13:45,1
2022-11-23 14:00,1
2022-11-23 14:15,1
2022-11-23 14:30,1
2022-11-23 14:45,1
2022-11-23 15:00,1
2022-11-24 9:45,1
2022-11-24 10:00,1
2022-11-24 10:15,1
2022-11-24 10:30,1
2022-11-24 10:45,1
2022-11-24 11:00,1
2022-11-24 11:15,1
2022-11-24 11:30,1
2022-11-24 13:15,1
2022-11-24 13:30,1
2022-11-24 13:45,1
2022-11-24 14:00,1
2022-11-24 14:15,1
2022-11-24 14:30,1
2022-11-24 14:45,1
2022-11-24 15:00,1
2022-11-25 9:45,1
2022-11-25 10:00,1
2022-11-25 10:15,1
2022-11-25 10:30,1
2022-11-25 10:45,1
2022-11-25 11:00,1
2022-11-25 11:15,1
2022-11-25 11:30,1
2022-11-25 13:15,1
2022-11-25 13:30,1
2022-11-25 13:45,1
2022-11-25 14:00,1
2022-11-25 14:15,1
2022-11-25 14:30,1
2022-11-25 14:45,1
2022-11-25 15:00,1
2022-11-28 9:45,1
2022-11-28 10:00,1
2022-11-28 10:15,1
2022-11-28 10:30,1
2022-11-28 10:45,1
2022-11-28 11:00,1
2022-11-28 11:15,1
2022-11-28 11:30,1
2022-11-28 13:15,1
2022-11-28 13:30,1
2022-11-28 13:45,1
2022-11-28 14:00,1
2022-11-28 14:15,1
2022-11-28 14:30,1
2022-11-28 14:45,1
2022-11-28 15:00,1
2022-11-29 9:45,1
2022-11-29 10:00,1
2022-11-29 10:15,1
2022-11-29 10:30,1
2022-11-29 10:45,1
2022-11-29 11:00,1
2022-11-29 11:15,1
2022-11-29 11:30,1
2022-11-29 13:15,1
2022-11-29 13:30,1
2022-11-29 13:45,1
2022-11-29 14:00,1
2022-11-29 14:15,1
2022-11-29 14:30,1
2022-11-29 14:45,1
2022-11-29 15:00,1
2022-11-30 9:45,1
2022-11-30 10:00,1
2022-11-30 10:15,1
2022-11-30 10:30,1
2022-11-30 10:45,1
2022-11-30 11:00,1
2022-11-30 11:15,1
2022-11-30 11:30,1
2022-11-30 13:15,1
2022-11-30 13:30,1
2022-11-30 13:45,1
2022-11-30 14:00,1
2022-11-30 14:15,1
2022-11-30 14:30,1
2022-11-30 14:45,1
2022-11-30 15:00,1
2022-12-1 9:45,1
2022-12-1 10:00,1
2022-12-1 10:15,1
2022-12-1 10:30,1
2022-12-1 10:45,1
2022-12-1 11:00,1
2022-12-1 11:15,1
2022-12-1 11:30,1
2022-12-1 13:15,1
2022-12-1 13:30,1
2022-12-1 13:45,1
2022-12-1 14:00,1
2022-12-1 14:15,1
2022-12-1 14:30,1
2022-12-1 14:45,1
2022-12-1 15:00,1
2022-12-2 9:45,1
2022-12-2 10:00,1
2022-12-2 10:15,1
2022-12-2 10:30,1
2022-12-2 10:45,1
2022-12-2 11:00,1
2022-12-2 11:15,1
2022-12-2 11:30,1
2022-12-2 13:15,1
2022-12-2 13:30,1
2022-12-2 13:45,1
2022-12-2 14:00,1
2022-12-2 14:15,1
2022-12-2 14:30,1
2022-12-2 14:45,1
2022-12-2 15:00,1
2022-12-5 9:45,1
2022-12-5 10:00,1
2022-12-5 10:15,1
2022-12-5 10:30,1
2022-12-5 10:45,1
2022-12-5 11:00,1
2022-12-5 11:15,1
2022-12-5 11:30,1
2022-12-5 13:15,1
2022-12-5 13:30,1
2022-12-5 13:45,1
2022-12-5 14:00,1
2022-12-5 14:15,1
2022-12-5 14:30,1
2022-12-5 14:45,1
2022-12-5 15:00,1
2022-12-6 9:45,1
2022-12-6 10:00,1
2022-12-6 10:15,1
2022-12-6 10:30,1
2022-12-6 10:45,1
2022-12-6 11:00,1
2022-12-6 11:15,1
2022-12-6 11:30,1
2022-12-6 13:15,1
2022-12-6 13:30,1
2022-12-6 13:45,1
2022-12-6 14:00,1
2022-12-6 14:15,1
2022-12-6 14:30,1
2022-12-6 14:45,1
2022-12-6 15:00,1
2022-12-7 9:45,1
2022-12-7 10:00,1
2022-12-7 10:15,1
2022-12-7 10:30,1
2022-12-7 10:45,1
2022-12-7 11:00,1
2022-12-7 11:15,1
2022-12-7 11:30,1
2022-12-7 13:15,1
2022-12-7 13:30,1
2022-12-7 13:45,1
2022-12-7 14:00,1
2022-12-7 14:15,1
2022-12-7 14:30,1
2022-12-7 14:45,1
2022-12-7 15:00,1
2022-12-8 9:45,1
2022-12-8 10:00,1
2022-12-8 10:15,1
2022-12-8 10:30,1
2022-12-8 10:45,1
2022-12-8 11:00,1
2022-12-8 11:15,1
2022-12-8 11:30,1
2022-12-8 13:15,1
2022-12-8 13:30,1
2022-12-8 13:45,1
2022-12-8 14:00,1
2022-12-8 14:15,1
2022-12-8 14:30,1
2022-12-8 14:45,1
2022-12-8 15:00,1
2022-12-9 9:45,1
2022-12-9 10:00,1
2022-12-9 10:15,1
2022-12-9 10:30,1
2022-12-9 10:45,1
2022-12-9 11:00,1
2022-12-9 11:15,1
2022-12-9 11:30,1
2022-12-9 13:15,1
2022-12-9 13:30,1
2022-12-9 13:45,1
2022-12-9 14:00,1
2022-12-9 14:15,1
2022-12-9 14:30,1
2022-12-9 14:45,1
2022-12-9 15:00,1
2022-12-12 9:45,1
2022-12-12 10:00,1
2022-12-12 10:15,1
2022-12-12 10:30,1
2022-12-12 10:45,1
2022-12-12 11:00,1
2022-12-12 11:15,1
2022-12-12 11:30,1
2022-12-12 13:15,1
2022-12-12 13:30,1
2022-12-12 13:45,1
2022-12-12 14:00,1
2022-12-12 14:15,1
2022-12-12 14:30,1
2022-12-12 14:45,1
2022-12-12 15:00,1
2022-12-13 9:45,1
2022-12-13 10:00,1
2022-12-13 10:15,1
2022-12-13 10:30,1
2022-12-13 10:45,1
2022-12-13 11:00,1
2022-12-13 11:15,1
2022-12-13 11:30,1
2022-12-13 13:15,1
2022-12-13 13:30,1
2022-12-13 13:45,1
2022-12-13 14:00,1
2022-12-13 14:15,1
2022-12-13 14:30,1
2022-12-13 14:45,1
2022-12-13 15:00,1
2022-12-14 9:45,1
2022-12-14 10:00,1
2022-12-14 10:15,1
2022-12-14 10:30,1
2022-12-14 10:45,1
2022-12-14 11:00,1
2022-12-14 11:15,1
2022-12-14 11:30,1
2022-12-14 13:15,1
2022-12-14 13:30,1
2022-12-14 13:45,1
2022-12-14 14:00,1
2022-12-14 14:15,1
2022-12-14 14:30,1
2022-12-14 14:45,1
2022-12-14 15:00,1
2022-12-15 9:45,1
2022-12-15 10:00,1
2022-12-15 10:15,1
2022-12-15 10:30,1
2022-12-15 10:45,1
2022-12-15 11:00,1
2022-12-15 11:15,1
2022-12-15 11:30,1
2022-12-15 13:15,1
2022-12-15 13:30,1
2022-12-15 13:45,1
2022-12-15 14:00,1
2022-12-15 14:15,1
2022-12-15 14:30,1
2022-12-15 14:45,1
2022-12-15 15:00,1
2022-12-16 9:45,1
2022-12-16 10:00,1
2022-12-16 10:15,1
2022-12-16 10:30,1
2022-12-16 10:45,1
2022-12-16 11:00,1
2022-12-16 11:15,1
2022-12-16 11:30,1
2022-12-16 13:15,1
2022-12-16 13:30,1
2022-12-16 13:45,1
2022-12-16 14:00,1
2022-12-16 14:15,1
2022-12-16 14:30,1
2022-12-16 14:45,1
2022-12-16 15:00,1
2022-12-19 9:45,1
2022-12-19 10:00,1
2022-12-19 10:15,1
2022-12-19 10:30,1
2022-12-19 10:45,1
2022-12-19 11:00,1
2022-12-19 11:15,1
2022-12-19 11:30,1
2022-12-19 13:15,1
2022-12-19 13:30,1
2022-12-19 13:45,1
2022-12-19 14:00,1
2022-12-19 14:15,1
2022-12-19 14:30,1
2022-12-19 14:45,1
2022-12-19 15:00,1
2022-12-20 9:45,1
2022-12-20 10:00,1
2022-12-20 10:15,1
2022-12-20 10:30,1
2022-12-20 10:45,1
2022-12-20 11:00,1
2022-12-20 11:15,1
2022-12-20 11:30,1
2022-12-20 13:15,1
2022-12-20 13:30,1
2022-12-20 13:45,1
2022-12-20 14:00,1
2022-12-20 14:15,1
2022-12-20 14:30,1
2022-12-20 14:45,1
2022-12-20 15:00,1
2022-12-21 9:45,1
2022-12-21 10:00,1
2022-12-21 10:15,1
2022-12-21 10:30,1
2022-12-21 10:45,1
2022-12-21 11:00,1
2022-12-21 11:15,1
2022-12-21 11:30,1
2022-12-21 13:15,1
2022-12-21 13:30,1
2022-12-21 13:45,1
2022-12-21 14:00,1
2022-12-21 14:15,1
2022-12-21 14:30,1
2022-12-21 14:45,1
2022-12-21 15:00,1
2022-12-22 9:45,1
2022-12-22 10:00,1
2022-12-22 10:15,1
2022-12-22 10:30,1
2022-12-22 10:45,1
2022-12-22 11:00,1
2022-12-22 11:15,1
2022-12-22 11:30,1
2022-12-22 13:15,1
2022-12-22 13:30,1
2022-12-22 13:45,1
2022-12-22 14:00,1
2022-12-22 14:15,1
2022-12-22 14:30,1
2022-12-22 14:45,1
2022-12-22 15:00,1
2022-12-23 9:45,1
2022-12-23 10:00,1
2022-12-23 10:15,1
2022-12-23 10:30,1
2022-12-23 10:45,1
2022-12-23 11:00,1
2022-12-23 11:15,1
2022-12-23 11:30,1
2022-12-23 13:15,1
2022-12-23 13:30,1
2022-12-23 13:45,1
2022-12-23 14:00,1
2022-12-23 14:15,1
2022-12-23 14:30,1
2022-12-23 14:45,1
2022-12-23 15:00,1
2022-12-26 9:45,1
2022-12-26 10:00,1
2022-12-26 10:15,1
2022-12-26 10:30,1
2022-12-26 10:45,1
2022-12-26 11:00,1
2022-12-26 11:15,1
2022-12-26 11:30,1
2022-12-26 13:15,1
2022-12-26 13:30,1
2022-12-26 13:45,1
2022-12-26 14:00,1
2022-12-26 14:15,1
2022-12-26 14:30,1
2022-12-26 14:45,1
2022-12-26 15:00,1
2022-12-27 9:45,1
2022-12-27 10:00,1
2022-12-27 10:15,1
2022-12-27 10:30,1
2022-12-27 10:45,1
2022-12-27 11:00,1
2022-12-27 11:15,1
2022-12-27 11:30,1
2022-12-27 13:15,1
2022-12-27 13:30,1
2022-12-27 13:45,1
2022-12-27 14:00,1
2022-12-27 14:15,1
2022-12-27 14:30,1
2022-12-27 14:45,1
2022-12-27 15:00,1
2022-12-28 9:45,1
2022-12-28 10:00,1
2022-12-28 10:15,1
2022-12-28 10:30,1
2022-12-28 10:45,1
2022-12-28 11:00,1
2022-12-28 11:15,1
2022-12-28 11:30,1
2022-12-28 13:15,1
2022-12-28 13:30,1
2022-12-28 13:45,1
2022-12-28 14:00,1
2022-12-28 14:15,1
2022-12-28 14:30,1
2022-12-28 14:45,1
2022-12-28 15:00,1
2022-12-29 9:45,1
2022-12-29 10:00,1
2022-12-29 10:15,1
2022-12-29 10:30,1
2022-12-29 10:45,1
2022-12-29 11:00,1
2022-12-29 11:15,1
2022-12-29 11:30,1
2022-12-29 13:15,1
2022-12-29 13:30,1
2022-12-29 13:45,1
2022-12-29 14:00,1
2022-12-29 14:15,1
2022-12-29 14:30,1
2022-12-29 14:45,1
2022-12-29 15:00,1
2022-12-30 9:45,1
2022-12-30 10:00,1
2022-12-30 10:15,1
2022-12-30 10:30,1
2022-12-30 10:45,1
2022-12-30 11:00,1
2022-12-30 11:15,1
2022-12-30 11:30,1
2022-12-30 13:15,1
2022-12-30 13:30,1
2022-12-30 13:45,1
2022-12-30 14:00,1
2022-12-30 14:15,1
2022-12-30 14:30,1
2022-12-30 14:45,1
2022-12-30 15:00,1
2023-1-3 9:45,1
2023-1-3 10:00,1
2023-1-3 10:15,1
2023-1-3 10:30,1
2023-1-3 10:45,1
2023-1-3 11:00,1
2023-1-3 11:15,1
2023-1-3 11:30,1
2023-1-3 13:15,1
2023-1-3 13:30,1
2023-1-3 13:45,1
2023-1-3 14:00,1
2023-1-3 14:15,1
2023-1-3 14:30,1
2023-1-3 14:45,1
2023-1-3 15:00,1
2023-1-4 9:45,1
2023-1-4 10:00,1
2023-1-4 10:15,1
2023-1-4 10:30,1
2023-1-4 10:45,1
2023-1-4 11:00,1
2023-1-4 11:15,1
2023-1-4 11:30,1
2023-1-4 13:15,1
2023-1-4 13:30,1
2023-1-4 13:45,1
2023-1-4 14:00,1
2023-1-4 14:15,1
2023-1-4 14:30,1
2023-1-4 14:45,1
2023-1-4 15:00,1
2023-1-5 9:45,1
2023-1-5 10:00,1
2023-1-5 10:15,1
2023-1-5 10:30,1
2023-1-5 10:45,1
2023-1-5 11:00,1
2023-1-5 11:15,1
2023-1-5 11:30,1
2023-1-5 13:15,1
2023-1-5 13:30,1
2023-1-5 13:45,1
2023-1-5 14:00,1
2023-1-5 14:15,1
2023-1-5 14:30,1
2023-1-5 14:45,1
2023-1-5 15:00,1
2023-1-6 9:45,1
2023-1-6 10:00,1
2023-1-6 10:15,1
2023-1-6 10:30,1
2023-1-6 10:45,1
2023-1-6 11:00,1
2023-1-6 11:15,1
2023-1-6 11:30,1
2023-1-6 13:15,1
2023-1-6 13:30,1
2023-1-6 13:45,1
2023-1-6 14:00,1
2023-1-6 14:15,1
2023-1-6 14:30,1
2023-1-6 14:45,1
2023-1-6 15:00,1
2023-1-9 9:45,1
2023-1-9 10:00,1
2023-1-9 10:15,1
2023-1-9 10:30,1
2023-1-9 10:45,1
2023-1-9 11:00,1
2023-1-9 11:15,1
2023-1-9 11:30,1
2023-1-9 13:15,1
2023-1-9 13:30,1
2023-1-9 13:45,1
2023-1-9 14:00,1
2023-1-9 14:15,1
2023-1-9 14:30,1
2023-1-9 14:45,1
2023-1-9 15:00,1
2023-1-10 9:45,1
2023-1-10 10:00,1
2023-1-10 10:15,1
2023-1-10 10:30,1
2023-1-10 10:45,1
2023-1-10 11:00,1
2023-1-10 11:15,1
2023-1-10 11:30,1
2023-1-10 13:15,1
2023-1-10 13:30,1
2023-1-10 13:45,1
2023-1-10 14:00,1
2023-1-10 14:15,1
2023-1-10 14:30,1
2023-1-10 14:45,1
2023-1-10 15:00,1
2023-1-11 9:45,1
2023-1-11 10:00,1
2023-1-11 10:15,1
2023-1-11 10:30,1
2023-1-11 10:45,1
2023-1-11 11:00,1
2023-1-11 11:15,1
2023-1-11 11:30,1
2023-1-11 13:15,1
2023-1-11 13:30,1
2023-1-11 13:45,1
2023-1-11 14:00,1
2023-1-11 14:15,1
2023-1-11 14:30,1
2023-1-11 14:45,1
2023-1-11 15:00,1
2023-1-12 9:45,1
2023-1-12 10:00,1
2023-1-12 10:15,1
2023-1-12 10:30,1
2023-1-12 10:45,1
2023-1-12 11:00,1
2023-1-12 11:15,1
2023-1-12 11:30,1
2023-1-12 13:15,1
2023-1-12 13:30,1
2023-1-12 13:45,1
2023-1-12 14:00,1
2023-1-12 14:15,1
2023-1-12 14:30,1
2023-1-12 14:45,1
2023-1-12 15:00,1
2023-1-13 9:45,1
2023-1-13 10:00,1
2023-1-13 10:15,1
2023-1-13 10:30,1
2023-1-13 10:45,1
2023-1-13 11:00,1
2023-1-13 11:15,1
2023-1-13 11:30,1
2023-1-13 13:15,1
2023-1-13 13:30,1
2023-1-13 13:45,1
2023-1-13 14:00,1
2023-1-13 14:15,1
2023-1-13 14:30,1
2023-1-13 14:45,1
2023-1-13 15:00,1
2023-1-16 9:45,1
2023-1-16 10:00,1
2023-1-16 10:15,1
2023-1-16 10:30,1
2023-1-16 10:45,1
2023-1-16 11:00,1
2023-1-16 11:15,1
2023-1-16 11:30,1
2023-1-16 13:15,1
2023-1-16 13:30,1
2023-1-16 13:45,1
2023-1-16 14:00,1
2023-1-16 14:15,1
2023-1-16 14:30,1
2023-1-16 14:45,1
2023-1-16 15:00,1
2023-1-17 9:45,1
2023-1-17 10:00,1
2023-1-17 10:15,1
2023-1-17 10:30,1
2023-1-17 10:45,1
2023-1-17 11:00,1
2023-1-17 11:15,1
2023-1-17 11:30,1
2023-1-17 13:15,1
2023-1-17 13:30,1
2023-1-17 13:45,1
2023-1-17 14:00,1
2023-1-17 14:15,1
2023-1-17 14:30,1
2023-1-17 14:45,1
2023-1-17 15:00,1
2023-1-18 9:45,1
2023-1-18 10:00,1
2023-1-18 10:15,1
2023-1-18 10:30,1
2023-1-18 10:45,1
2023-1-18 11:00,1
2023-1-18 11:15,1
2023-1-18 11:30,1
2023-1-18 13:15,1
2023-1-18 13:30,1
2023-1-18 13:45,1
2023-1-18 14:00,1
2023-1-18 14:15,1
2023-1-18 14:30,1
2023-1-18 14:45,1
2023-1-18 15:00,1
2023-1-19 9:45,1
2023-1-19 10:00,1
2023-1-19 10:15,1
2023-1-19 10:30,1
2023-1-19 10:45,1
2023-1-19 11:00,1
2023-1-19 11:15,1
2023-1-19 11:30,1
2023-1-19 13:15,1
2023-1-19 13:30,1
2023-1-19 13:45,1
2023-1-19 14:00,1
2023-1-19 14:15,1
2023-1-19 14:30,1
2023-1-19 14:45,1
2023-1-19 15:00,1
2023-1-20 9:45,1
2023-1-20 10:00,1
2023-1-20 10:15,1
2023-1-20 10:30,1
2023-1-20 10:45,1
2023-1-20 11:00,1
2023-1-20 11:15,1
2023-1-20 11:30,1
2023-1-20 13:15,1
2023-1-20 13:30,1
2023-1-20 13:45,1
2023-1-20 14:00,1
2023-1-20 14:15,1
2023-1-20 14:30,1
2023-1-20 14:45,1
2023-1-20 15:00,1
2023-1-30 9:45,1
2023-1-30 10:00,1
2023-1-30 10:15,1
2023-1-30 10:30,1
2023-1-30 10:45,1
2023-1-30 11:00,1
2023-1-30 11:15,1
2023-1-30 11:30,1
2023-1-30 13:15,1
2023-1-30 13:30,1
2023-1-30 13:45,1
2023-1-30 14:00,1
2023-1-30 14:15,1
2023-1-30 14:30,1
2023-1-30 14:45,1
2023-1-30 15:00,1
2023-1-31 9:45,1
2023-1-31 10:00,1
2023-1-31 10:15,1
2023-1-31 10:30,1
2023-1-31 10:45,1
2023-1-31 11:00,1
2023-1-31 11:15,1
2023-1-31 11:30,1
2023-1-31 13:15,1
2023-1-31 13:30,1
2023-1-31 13:45,1
2023-1-31 14:00,1
2023-1-31 14:15,1
2023-1-31 14:30,1
2023-1-31 14:45,1
2023-1-31 15:00,1
2023-2-1 9:45,1
2023-2-1 10:00,1
2023-2-1 10:15,1
2023-2-1 10:30,1
2023-2-1 10:45,1
2023-2-1 11:00,1
2023-2-1 11:15,1
2023-2-1 11:30,1
2023-2-1 13:15,1
2023-2-1 13:30,1
2023-2-1 13:45,1
2023-2-1 14:00,1
2023-2-1 14:15,1
2023-2-1 14:30,1
2023-2-1 14:45,1
2023-2-1 15:00,1
2023-2-2 9:45,1
2023-2-2 10:00,1
2023-2-2 10:15,1
2023-2-2 10:30,1
2023-2-2 10:45,1
2023-2-2 11:00,1
2023-2-2 11:15,1
2023-2-2 11:30,1
2023-2-2 13:15,1
2023-2-2 13:30,1
2023-2-2 13:45,1
2023-2-2 14:00,1
2023-2-2 14:15,1
2023-2-2 14:30,1
2023-2-2 14:45,1
2023-2-2 15:00,1
2023-2-3 9:45,1
2023-2-3 10:00,1
2023-2-3 10:15,1
2023-2-3 10:30,1
2023-2-3 10:45,1
2023-2-3 11:00,1
2023-2-3 11:15,1
2023-2-3 11:30,1
2023-2-3 13:15,1
2023-2-3 13:30,1
2023-2-3 13:45,1
2023-2-3 14:00,1
2023-2-3 14:15,1
2023-2-3 14:30,1
2023-2-3 14:45,1
2023-2-3 15:00,1
2023-2-6 9:45,1
2023-2-6 10:00,1
2023-2-6 10:15,1
2023-2-6 10:30,1
2023-2-6 10:45,1
2023-2-6 11:00,1
2023-2-6 11:15,1
2023-2-6 11:30,1
2023-2-6 13:15,1
2023-2-6 13:30,1
2023-2-6 13:45,1
2023-2-6 14:00,1
2023-2-6 14:15,1
2023-2-6 14:30,1
2023-2-6 14:45,1
2023-2-6 15:00,1
2023-2-7 9:45,1
2023-2-7 10:00,1
2023-2-7 10:15,1
2023-2-7 10:30,1
2023-2-7 10:45,1
2023-2-7 11:00,1
2023-2-7 11:15,1
2023-2-7 11:30,1
2023-2-7 13:15,1
2023-2-7 13:30,1
2023-2-7 13:45,1
2023-2-7 14:00,1
2023-2-7 14:15,1
2023-2-7 14:30,1
2023-2-7 14:45,1
2023-2-7 15:00,1
2023-2-8 9:45,1
2023-2-8 10:00,1
2023-2-8 10:15,1
2023-2-8 10:30,1
2023-2-8 10:45,1
2023-2-8 11:00,1
2023-2-8 11:15,1
2023-2-8 11:30,1
2023-2-8 13:15,1
2023-2-8 13:30,1
2023-2-8 13:45,1
2023-2-8 14:00,1
2023-2-8 14:15,1
2023-2-8 14:30,1
2023-2-8 14:45,1
2023-2-8 15:00,1
2023-2-9 9:45,1
2023-2-9 10:00,1
2023-2-9 10:15,1
2023-2-9 10:30,1
2023-2-9 10:45,1
2023-2-9 11:00,1
2023-2-9 11:15,1
2023-2-9 11:30,1
2023-2-9 13:15,1
2023-2-9 13:30,1
2023-2-9 13:45,1
2023-2-9 14:00,1
2023-2-9 14:15,1
2023-2-9 14:30,1
2023-2-9 14:45,1
2023-2-9 15:00,1
2023-2-10 9:45,1
2023-2-10 10:00,1
2023-2-10 10:15,1
2023-2-10 10:30,1
2023-2-10 10:45,1
2023-2-10 11:00,1
2023-2-10 11:15,1
2023-2-10 11:30,1
2023-2-10 13:15,1
2023-2-10 13:30,1
2023-2-10 13:45,1
2023-2-10 14:00,1
2023-2-10 14:15,1
2023-2-10 14:30,1
2023-2-10 14:45,1
2023-2-10 15:00,1
2023-2-13 9:45,1
2023-2-13 10:00,1
2023-2-13 10:15,1
2023-2-13 10:30,1
2023-2-13 10:45,1
2023-2-13 11:00,1
2023-2-13 11:15,1
2023-2-13 11:30,1
2023-2-13 13:15,1
2023-2-13 13:30,1
2023-2-13 13:45,1
2023-2-13 14:00,1
2023-2-13 14:15,1
2023-2-13 14:30,1
2023-2-13 14:45,1
2023-2-13 15:00,1
2023-2-14 9:45,1
2023-2-14 10:00,1
2023-2-14 10:15,1
2023-2-14 10:30,1
2023-2-14 10:45,1
2023-2-14 11:00,1
2023-2-14 11:15,1
2023-2-14 11:30,1
2023-2-14 13:15,1
2023-2-14 13:30,1
2023-2-14 13:45,1
2023-2-14 14:00,1
2023-2-14 14:15,1
2023-2-14 14:30,1
2023-2-14 14:45,1
2023-2-14 15:00,1
2023-2-15 9:45,1
2023-2-15 10:00,1
2023-2-15 10:15,1
2023-2-15 10:30,1
2023-2-15 10:45,1
2023-2-15 11:00,1
2023-2-15 11:15,1
2023-2-15 11:30,1
2023-2-15 13:15,1
2023-2-15 13:30,1
2023-2-15 13:45,1
2023-2-15 14:00,1
2023-2-15 14:15,1
2023-2-15 14:30,1
2023-2-15 14:45,1
2023-2-15 15:00,1
2023-2-16 9:45,1
2023-2-16 10:00,1
2023-2-16 10:15,1
2023-2-16 10:30,1
2023-2-16 10:45,1
2023-2-16 11:00,1
2023-2-16 11:15,1
2023-2-16 11:30,1
2023-2-16 13:15,1
2023-2-16 13:30,1
2023-2-16 13:45,1
2023-2-16 14:00,1
2023-2-16 14:15,1
2023-2-16 14:30,1
2023-2-16 14:45,1
2023-2-16 15:00,1
2023-2-17 9:45,1
2023-2-17 10:00,1
2023-2-17 10:15,1
2023-2-17 10:30,1
2023-2-17 10:45,1
2023-2-17 11:00,1
2023-2-17 11:15,1
2023-2-17 11:30,1
2023-2-17 13:15,1
2023-2-17 13:30,1
2023-2-17 13:45,1
2023-2-17 14:00,1
2023-2-17 14:15,1
2023-2-17 14:30,1
2023-2-17 14:45,1
2023-2-17 15:00,1
2023-2-20 9:45,1
2023-2-20 10:00,1
2023-2-20 10:15,1
2023-2-20 10:30,1
2023-2-20 10:45,1
2023-2-20 11:00,1
2023-2-20 11:15,1
2023-2-20 11:30,1
2023-2-20 13:15,1
2023-2-20 13:30,1
2023-2-20 13:45,1
2023-2-20 14:00,1
2023-2-20 14:15,1
2023-2-20 14:30,1
2023-2-20 14:45,1
2023-2-20 15:00,1
2023-2-21 9:45,1
2023-2-21 10:00,1
2023-2-21 10:15,1
2023-2-21 10:30,1
2023-2-21 10:45,1
2023-2-21 11:00,1
2023-2-21 11:15,1
2023-2-21 11:30,1
2023-2-21 13:15,1
2023-2-21 13:30,1
2023-2-21 13:45,1
2023-2-21 14:00,1
2023-2-21 14:15,1
2023-2-21 14:30,1
2023-2-21 14:45,1
2023-2-21 15:00,1
2023-2-22 9:45,1
2023-2-22 10:00,1
2023-2-22 10:15,1
2023-2-22 10:30,1
2023-2-22 10:45,1
2023-2-22 11:00,1
2023-2-22 11:15,1
2023-2-22 11:30,1
2023-2-22 13:15,1
2023-2-22 13:30,1
2023-2-22 13:45,1
2023-2-22 14:00,1
2023-2-22 14:15,1
2023-2-22 14:30,1
2023-2-22 14:45,1
2023-2-22 15:00,1
2023-2-23 9:45,1
2023-2-23 10:00,1
2023-2-23 10:15,1
2023-2-23 10:30,1
2023-2-23 10:45,1
2023-2-23 11:00,1
2023-2-23 11:15,1
2023-2-23 11:30,1
2023-2-23 13:15,1
2023-2-23 13:30,1
2023-2-23 13:45,1
2023-2-23 14:00,1
2023-2-23 14:15,1
2023-2-23 14:30,1
2023-2-23 14:45,1
2023-2-23 15:00,1
2023-2-24 9:45,1
2023-2-24 10:00,1
2023-2-24 10:15,1
2023-2-24 10:30,1
2023-2-24 10:45,1
2023-2-24 11:00,1
2023-2-24 11:15,1
2023-2-24 11:30,1
2023-2-24 13:15,1
2023-2-24 13:30,1
2023-2-24 13:45,1
2023-2-24 14:00,1
2023-2-24 14:15,1
2023-2-24 14:30,1
2023-2-24 14:45,1
2023-2-24 15:00,1
2023-2-27 9:45,1
2023-2-27 10:00,1
2023-2-27 10:15,1
2023-2-27 10:30,1
2023-2-27 10:45,1
2023-2-27 11:00,1
2023-2-27 11:15,1
2023-2-27 11:30,1
2023-2-27 13:15,1
2023-2-27 13:30,1
2023-2-27 13:45,1
2023-2-27 14:00,1
2023-2-27 14:15,1
2023-2-27 14:30,1
2023-2-27 14:45,1
2023-2-27 15:00,1
2023-2-28 9:45,1
2023-2-28 10:00,1
2023-2-28 10:15,1
2023-2-28 10:30,1
2023-2-28 10:45,1
2023-2-28 11:00,1
2023-2-28 11:15,1
2023-2-28 11:30,1
2023-2-28 13:15,1
2023-2-28 13:30,1
2023-2-28 13:45,1
2023-2-28 14:00,1
2023-2-28 14:15,1
2023-2-28 14:30,1
2023-2-28 14:45,1
2023-2-28 15:00,1
2023-3-1 9:45,1
2023-3-1 10:00,1
2023-3-1 10:15,1
2023-3-1 10:30,1
2023-3-1 10:45,1
2023-3-1 11:00,1
2023-3-1 11:15,1
2023-3-1 11:30,1
2023-3-1 13:15,1
2023-3-1 13:30,1
2023-3-1 13:45,1
2023-3-1 14:00,1
2023-3-1 14:15,1
2023-3-1 14:30,1
2023-3-1 14:45,1
2023-3-1 15:00,1
2023-3-2 9:45,1
2023-3-2 10:00,1
2023-3-2 10:15,1
2023-3-2 10:30,1
2023-3-2 10:45,1
2023-3-2 11:00,1
2023-3-2 11:15,1
2023-3-2 11:30,1
2023-3-2 13:15,1
2023-3-2 13:30,1
2023-3-2 13:45,1
2023-3-2 14:00,1
2023-3-2 14:15,1
2023-3-2 14:30,1
2023-3-2 14:45,1
2023-3-2 15:00,1
2023-3-3 9:45,1
2023-3-3 10:00,1
2023-3-3 10:15,1
2023-3-3 10:30,1
2023-3-3 10:45,1
2023-3-3 11:00,1
2023-3-3 11:15,1
2023-3-3 11:30,1
2023-3-3 13:15,1
2023-3-3 13:30,1
2023-3-3 13:45,1
2023-3-3 14:00,1
2023-3-3 14:15,1
2023-3-3 14:30,1
2023-3-3 14:45,1
2023-3-3 15:00,1
2023-3-6 9:45,1
2023-3-6 10:00,1
2023-3-6 10:15,1
2023-3-6 10:30,1
2023-3-6 10:45,1
2023-3-6 11:00,1
2023-3-6 11:15,1
2023-3-6 11:30,1
2023-3-6 13:15,1
2023-3-6 13:30,1
2023-3-6 13:45,1
2023-3-6 14:00,1
2023-3-6 14:15,1
2023-3-6 14:30,1
2023-3-6 14:45,1
2023-3-6 15:00,1
2023-3-7 9:45,1
2023-3-7 10:00,1
2023-3-7 10:15,1
2023-3-7 10:30,1
2023-3-7 10:45,1
2023-3-7 11:00,1
2023-3-7 11:15,1
2023-3-7 11:30,1
2023-3-7 13:15,1
2023-3-7 13:30,1
2023-3-7 13:45,1
2023-3-7 14:00,1
2023-3-7 14:15,1
2023-3-7 14:30,1
2023-3-7 14:45,1
2023-3-7 15:00,1
2023-3-8 9:45,1
2023-3-8 10:00,1
2023-3-8 10:15,1
2023-3-8 10:30,1
2023-3-8 10:45,1
2023-3-8 11:00,1
2023-3-8 11:15,1
2023-3-8 11:30,1
2023-3-8 13:15,1
2023-3-8 13:30,1
2023-3-8 13:45,1
2023-3-8 14:00,1
2023-3-8 14:15,1
2023-3-8 14:30,1
2023-3-8 14:45,1
2023-3-8 15:00,1
2023-3-9 9:45,1
2023-3-9 10:00,1
2023-3-9 10:15,1
2023-3-9 10:30,1
2023-3-9 10:45,1
2023-3-9 11:00,1
2023-3-9 11:15,1
2023-3-9 11:30,1
2023-3-9 13:15,1
2023-3-9 13:30,1
2023-3-9 13:45,1
2023-3-9 14:00,1
2023-3-9 14:15,1
2023-3-9 14:30,1
2023-3-9 14:45,1
2023-3-9 15:00,1
2023-3-10 9:45,1
2023-3-10 10:00,1
2023-3-10 10:15,1
2023-3-10 10:30,1
2023-3-10 10:45,1
2023-3-10 11:00,1
2023-3-10 11:15,1
2023-3-10 11:30,1
2023-3-10 13:15,1
2023-3-10 13:30,1
2023-3-10 13:45,1
2023-3-10 14:00,1
2023-3-10 14:15,1
2023-3-10 14:30,1
2023-3-10 14:45,1
2023-3-10 15:00,1
2023-3-13 9:45,1
2023-3-13 10:00,1
2023-3-13 10:15,1
2023-3-13 10:30,1
2023-3-13 10:45,1
2023-3-13 11:00,1
2023-3-13 11:15,1
2023-3-13 11:30,1
2023-3-13 13:15,1
2023-3-13 13:30,1
2023-3-13 13:45,1
2023-3-13 14:00,1
2023-3-13 14:15,1
2023-3-13 14:30,1
2023-3-13 14:45,1
2023-3-13 15:00,1
2023-3-14 9:45,1
2023-3-14 10:00,1
2023-3-14 10:15,1
2023-3-14 10:30,1
2023-3-14 10:45,1
2023-3-14 11:00,1
2023-3-14 11:15,1
2023-3-14 11:30,1
2023-3-14 13:15,1
2023-3-14 13:30,1
2023-3-14 13:45,1
2023-3-14 14:00,1
2023-3-14 14:15,1
2023-3-14 14:30,1
2023-3-14 14:45,1
2023-3-14 15:00,1
2023-3-15 9:45,1
2023-3-15 10:00,1
2023-3-15 10:15,1
2023-3-15 10:30,1
2023-3-15 10:45,1
2023-3-15 11:00,1
2023-3-15 11:15,1
2023-3-15 11:30,1
2023-3-15 13:15,1
2023-3-15 13:30,1
2023-3-15 13:45,1
2023-3-15 14:00,1
2023-3-15 14:15,1
2023-3-15 14:30,1
2023-3-15 14:45,1
2023-3-15 15:00,1
2023-3-16 9:45,1
2023-3-16 10:00,1
2023-3-16 10:15,1
2023-3-16 10:30,1
2023-3-16 10:45,1
2023-3-16 11:00,1
2023-3-16 11:15,1
2023-3-16 11:30,1
2023-3-16 13:15,1
2023-3-16 13:30,1
2023-3-16 13:45,1
2023-3-16 14:00,1
2023-3-16 14:15,1
2023-3-16 14:30,1
2023-3-16 14:45,1
2023-3-16 15:00,1
2023-3-17 9:45,1
2023-3-17 10:00,1
2023-3-17 10:15,1
2023-3-17 10:30,1
2023-3-17 10:45,1
2023-3-17 11:00,1
2023-3-17 11:15,1
2023-3-17 11:30,1
2023-3-17 13:15,1
2023-3-17 13:30,1
2023-3-17 13:45,1
2023-3-17 14:00,1
2023-3-17 14:15,1
2023-3-17 14:30,1
2023-3-17 14:45,1
2023-3-17 15:00,1
2023-3-20 9:45,1
2023-3-20 10:00,1
2023-3-20 10:15,1
2023-3-20 10:30,1
2023-3-20 10:45,1
2023-3-20 11:00,1
2023-3-20 11:15,1
2023-3-20 11:30,1
2023-3-20 13:15,1
2023-3-20 13:30,1
2023-3-20 13:45,1
2023-3-20 14:00,1
2023-3-20 14:15,1
2023-3-20 14:30,1
2023-3-20 14:45,1
2023-3-20 15:00,1
2023-3-21 9:45,1
2023-3-21 10:00,1
2023-3-21 10:15,1
2023-3-21 10:30,1
2023-3-21 10:45,1
2023-3-21 11:00,1
2023-3-21 11:15,1
2023-3-21 11:30,1
2023-3-21 13:15,1
2023-3-21 13:30,1
2023-3-21 13:45,1
2023-3-21 14:00,1
2023-3-21 14:15,1
2023-3-21 14:30,1
2023-3-21 14:45,1
2023-3-21 15:00,1
2023-3-22 9:45,1
2023-3-22 10:00,1
2023-3-22 10:15,1
2023-3-22 10:30,1
2023-3-22 10:45,1
2023-3-22 11:00,1
2023-3-22 11:15,1
2023-3-22 11:30,1
2023-3-22 13:15,1
2023-3-22 13:30,1
2023-3-22 13:45,1
2023-3-22 14:00,1
2023-3-22 14:15,1
2023-3-22 14:30,1
2023-3-22 14:45,1
2023-3-22 15:00,1
